title,description,store_id
"ACADEMY DINOSAUR","A Epic Drama of a Feminist And a Mad Scientist who must Battle a Teacher in The Canadian Rockies",2
"ACE GOLDFINGER","A Astounding Epistle of a Database Administrator And a Explorer who must Find a Car in Ancient China",2
"ADAPTATION HOLES","A Astounding Reflection of a Lumberjack And a Car who must Sink a Lumberjack in A Baloon Factory",2
"AFFAIR PREJUDICE","A Fanciful Documentary of a Frisbee And a Lumberjack who must Chase a Monkey in A Shark Tank",2
"AFRICAN EGG","A Fast-Paced Documentary of a Pastry Chef And a Dentist who must Pursue a Forensic Psychologist in The Gulf of Mexico",2
"AGENT TRUMAN","A Intrepid Panorama of a Robot And a Boy who must Escape a Sumo Wrestler in Ancient China",2
"AIRPLANE SIERRA","A Touching Saga of a Hunter And a Butler who must Discover a Butler in A Jet Boat",2
"AIRPORT POLLOCK","A Epic Tale of a Moose And a Girl who must Confront a Monkey in Ancient India",2
"ALABAMA DEVIL","A Thoughtful Panorama of a Database Administrator And a Mad Scientist who must Outgun a Mad Scientist in A Jet Boat",2
"ALADDIN CALENDAR","A Action-Packed Tale of a Man And a Lumberjack who must Reach a Feminist in Ancient China",2
"ALAMO VIDEOTAPE","A Boring Epistle of a Butler And a Cat who must Fight a Pastry Chef in A MySQL Convention",2
"ALASKA PHANTOM","A Fanciful Saga of a Hunter And a Pastry Chef who must Vanquish a Boy in Australia",2
"ALI FOREVER","A Action-Packed Drama of a Dentist And a Crocodile who must Battle a Feminist in The Canadian Rockies",2
"ALIEN CENTER","A Brilliant Drama of a Cat And a Mad Scientist who must Battle a Feminist in A MySQL Convention",2
"ALLEY EVOLUTION","A Fast-Paced Drama of a Robot And a Composer who must Battle a Astronaut in New Orleans",2
"ALONE TRIP","A Fast-Paced Character Study of a Composer And a Dog who must Outgun a Boat in An Abandoned Fun House",2
"ALTER VICTORY","A Thoughtful Drama of a Composer And a Feminist who must Meet a Secret Agent in The Canadian Rockies",2
"AMADEUS HOLY","A Emotional Display of a Pioneer And a Technical Writer who must Battle a Man in A Baloon",2
"AMERICAN CIRCUS","A Insightful Drama of a Girl And a Astronaut who must Face a Database Administrator in A Shark Tank",2
"AMISTAD MIDSUMMER","A Emotional Character Study of a Dentist And a Crocodile who must Meet a Sumo Wrestler in California",2
"ANACONDA CONFESSIONS","A Lacklusture Display of a Dentist And a Dentist who must Fight a Girl in Australia",2
"ANGELS LIFE","A Thoughtful Display of a Woman And a Astronaut who must Battle a Robot in Berlin",2
"ANNIE IDENTITY","A Amazing Panorama of a Pastry Chef And a Boat who must Escape a Woman in An Abandoned Amusement Park",2
"APACHE DIVINE","A Awe-Inspiring Reflection of a Pastry Chef And a Teacher who must Overcome a Sumo Wrestler in A U-Boat",2
"APOCALYPSE FLAMINGOS","A Astounding Story of a Dog And a Squirrel who must Defeat a Woman in An Abandoned Amusement Park",2
"ARABIA DOGMA","A Touching Epistle of a Madman And a Mad Cow who must Defeat a Student in Nigeria",2
"ARACHNOPHOBIA ROLLERCOASTER","A Action-Packed Reflection of a Pastry Chef And a Composer who must Discover a Mad Scientist in The First Manned Space Station",2
"ARIZONA BANG","A Brilliant Panorama of a Mad Scientist And a Mad Cow who must Meet a Pioneer in A Monastery",2
"ARMAGEDDON LOST","A Fast-Paced Tale of a Boat And a Teacher who must Succumb a Composer in An Abandoned Mine Shaft",2
"ARMY FLINTSTONES","A Boring Saga of a Database Administrator And a Womanizer who must Battle a Waitress in Nigeria",2
"ARTIST COLDBLOODED","A Stunning Reflection of a Robot And a Moose who must Challenge a Woman in California",2
"ATLANTIS CAUSE","A Thrilling Yarn of a Feminist And a Hunter who must Fight a Technical Writer in A Shark Tank",2
"ATTACKS HATE","A Fast-Paced Panorama of a Technical Writer And a Mad Scientist who must Find a Feminist in An Abandoned Mine Shaft",2
"ATTRACTION NEWTON","A Astounding Panorama of a Composer And a Frisbee who must Reach a Husband in Ancient Japan",2
"AUTUMN CROW","A Beautiful Tale of a Dentist And a Mad Cow who must Battle a Moose in The Sahara Desert",2
"BABY HALL","A Boring Character Study of a A Shark And a Girl who must Outrace a Feminist in An Abandoned Mine Shaft",2
"BACKLASH UNDEFEATED","A Stunning Character Study of a Mad Scientist And a Mad Cow who must Kill a Car in A Monastery",2
"BADMAN DAWN","A Emotional Panorama of a Pioneer And a Composer who must Escape a Mad Scientist in A Jet Boat",2
"BAKED CLEOPATRA","A Stunning Drama of a Forensic Psychologist And a Husband who must Overcome a Waitress in A Monastery",2
"BALLOON HOMEWARD","A Insightful Panorama of a Forensic Psychologist And a Mad Cow who must Build a Mad Scientist in The First Manned Space Station",2
"BALLROOM MOCKINGBIRD","A Thrilling Documentary of a Composer And a Monkey who must Find a Feminist in California",2
"BANGER PINOCCHIO","A Awe-Inspiring Drama of a Car And a Pastry Chef who must Chase a Crocodile in The First Manned Space Station",2
"BARBARELLA STREETCAR","A Awe-Inspiring Story of a Feminist And a Cat who must Conquer a Dog in A Monastery",2
"BAREFOOT MANCHURIAN","A Intrepid Story of a Cat And a Student who must Vanquish a Girl in An Abandoned Amusement Park",2
"BASIC EASY","A Stunning Epistle of a Man And a Husband who must Reach a Mad Scientist in A Jet Boat",2
"BEACH HEARTBREAKERS","A Fateful Display of a Womanizer And a Mad Scientist who must Outgun a A Shark in Soviet Georgia",2
"BEAR GRACELAND","A Astounding Saga of a Dog And a Boy who must Kill a Teacher in The First Manned Space Station",2
"BEAUTY GREASE","A Fast-Paced Display of a Composer And a Moose who must Sink a Robot in An Abandoned Mine Shaft",2
"BED HIGHBALL","A Astounding Panorama of a Lumberjack And a Dog who must Redeem a Woman in An Abandoned Fun House",2
"BEDAZZLED MARRIED","A Astounding Character Study of a Madman And a Robot who must Meet a Mad Scientist in An Abandoned Fun House",2
"BEETHOVEN EXORCIST","A Epic Display of a Pioneer And a Student who must Challenge a Butler in The Gulf of Mexico",2
"BEHAVIOR RUNAWAY","A Unbelieveable Drama of a Student And a Husband who must Outrace a Sumo Wrestler in Berlin",2
"BERETS AGENT","A Taut Saga of a Crocodile And a Boy who must Overcome a Technical Writer in Ancient China",2
"BETRAYED REAR","A Emotional Character Study of a Boat And a Pioneer who must Find a Explorer in A Shark Tank",2
"BEVERLY OUTLAW","A Fanciful Documentary of a Womanizer And a Boat who must Defeat a Madman in The First Manned Space Station",2
"BIKINI BORROWERS","A Astounding Drama of a Astronaut And a Cat who must Discover a Woman in The First Manned Space Station",2
"BILKO ANONYMOUS","A Emotional Reflection of a Teacher And a Man who must Meet a Cat in The First Manned Space Station",2
"BILL OTHERS","A Stunning Saga of a Mad Scientist And a Forensic Psychologist who must Challenge a Squirrel in A MySQL Convention",2
"BINGO TALENTED","A Touching Tale of a Girl And a Crocodile who must Discover a Waitress in Nigeria",2
"BIRCH ANTITRUST","A Fanciful Panorama of a Husband And a Pioneer who must Outgun a Dog in A Baloon",2
"BIRD INDEPENDENCE","A Thrilling Documentary of a Car And a Student who must Sink a Hunter in The Canadian Rockies",2
"BIRDS PERDITION","A Boring Story of a Womanizer And a Pioneer who must Face a Dog in California",2
"BLACKOUT PRIVATE","A Intrepid Yarn of a Pastry Chef And a Mad Scientist who must Challenge a Secret Agent in Ancient Japan",2
"BLADE POLISH","A Thoughtful Character Study of a Frisbee And a Pastry Chef who must Fight a Dentist in The First Manned Space Station",2
"BLUES INSTINCT","A Insightful Documentary of a Boat And a Composer who must Meet a Forensic Psychologist in An Abandoned Fun House",2
"BONNIE HOLOCAUST","A Fast-Paced Story of a Crocodile And a Robot who must Find a Moose in Ancient Japan",2
"BOOGIE AMELIE","A Lacklusture Character Study of a Husband And a Sumo Wrestler who must Succumb a Technical Writer in The Gulf of Mexico",2
"BORN SPINAL","A Touching Epistle of a Frisbee And a Husband who must Pursue a Student in Nigeria",2
"BORROWERS BEDAZZLED","A Brilliant Epistle of a Teacher And a Sumo Wrestler who must Defeat a Man in An Abandoned Fun House",2
"BOULEVARD MOB","A Fateful Epistle of a Moose And a Monkey who must Confront a Lumberjack in Ancient China",2
"BOUND CHEAPER","A Thrilling Panorama of a Database Administrator And a Astronaut who must Challenge a Lumberjack in A Baloon",2
"BOWFINGER GABLES","A Fast-Paced Yarn of a Waitress And a Composer who must Outgun a Dentist in California",2
"BRANNIGAN SUNRISE","A Amazing Epistle of a Moose And a Crocodile who must Outrace a Dog in Berlin",2
"BREAKFAST GOLDFINGER","A Beautiful Reflection of a Student And a Student who must Fight a Moose in Berlin",2
"BRIDE INTRIGUE","A Epic Tale of a Robot And a Monkey who must Vanquish a Man in New Orleans",2
"BRINGING HYSTERICAL","A Fateful Saga of a A Shark And a Technical Writer who must Find a Woman in A Jet Boat",2
"BROOKLYN DESERT","A Beautiful Drama of a Dentist And a Composer who must Battle a Sumo Wrestler in The First Manned Space Station",2
"BROTHERHOOD BLANKET","A Fateful Character Study of a Butler And a Technical Writer who must Sink a Astronaut in Ancient Japan",2
"BUBBLE GROSSE","A Awe-Inspiring Panorama of a Crocodile And a Moose who must Confront a Girl in A Baloon",2
"BUCKET BROTHERHOOD","A Amazing Display of a Girl And a Womanizer who must Succumb a Lumberjack in A Baloon Factory",2
"BUGSY SONG","A Awe-Inspiring Character Study of a Secret Agent And a Boat who must Find a Squirrel in The First Manned Space Station",2
"BULL SHAWSHANK","A Fanciful Drama of a Moose And a Squirrel who must Conquer a Pioneer in The Canadian Rockies",2
"BUNCH MINDS","A Emotional Story of a Feminist And a Feminist who must Escape a Pastry Chef in A MySQL Convention",2
"BUTTERFLY CHOCOLAT","A Fateful Story of a Girl And a Composer who must Conquer a Husband in A Shark Tank",2
"CADDYSHACK JEDI","A Awe-Inspiring Epistle of a Woman And a Madman who must Fight a Robot in Soviet Georgia",2
"CALENDAR GUNFIGHT","A Thrilling Drama of a Frisbee And a Lumberjack who must Sink a Man in Nigeria",2
"CALIFORNIA BIRDS","A Thrilling Yarn of a Database Administrator And a Robot who must Battle a Database Administrator in Ancient India",2
"CAMELOT VACATION","A Touching Character Study of a Woman And a Waitress who must Battle a Pastry Chef in A MySQL Convention",2
"CAMPUS REMEMBER","A Astounding Drama of a Crocodile And a Mad Cow who must Build a Robot in A Jet Boat",2
"CANDIDATE PERDITION","A Brilliant Epistle of a Composer And a Database Administrator who must Vanquish a Mad Scientist in The First Manned Space Station",2
"CANDLES GRAPES","A Fanciful Character Study of a Monkey And a Explorer who must Build a Astronaut in An Abandoned Fun House",2
"CANYON STOCK","A Thoughtful Reflection of a Waitress And a Feminist who must Escape a Squirrel in A Manhattan Penthouse",2
"CAPER MOTIONS","A Fateful Saga of a Moose And a Car who must Pursue a Woman in A MySQL Convention",2
"CAROL TEXAS","A Astounding Character Study of a Composer And a Student who must Overcome a Composer in A Monastery",2
"CARRIE BUNCH","A Amazing Epistle of a Student And a Astronaut who must Discover a Frisbee in The Canadian Rockies",2
"CASABLANCA SUPER","A Amazing Panorama of a Crocodile And a Forensic Psychologist who must Pursue a Secret Agent in The First Manned Space Station",2
"CASPER DRAGONFLY","A Intrepid Documentary of a Boat And a Crocodile who must Chase a Robot in The Sahara Desert",2
"CASSIDY WYOMING","A Intrepid Drama of a Frisbee And a Hunter who must Kill a Secret Agent in New Orleans",2
"CASUALTIES ENCINO","A Insightful Yarn of a A Shark And a Pastry Chef who must Face a Boy in A Monastery",2
"CAT CONEHEADS","A Fast-Paced Panorama of a Girl And a A Shark who must Confront a Boy in Ancient India",2
"CAUSE DATE","A Taut Tale of a Explorer And a Pastry Chef who must Conquer a Hunter in A MySQL Convention",2
"CELEBRITY HORN","A Amazing Documentary of a Secret Agent And a Astronaut who must Vanquish a Hunter in A Shark Tank",2
"CENTER DINOSAUR","A Beautiful Character Study of a Sumo Wrestler And a Dentist who must Find a Dog in California",2
"CHAINSAW UPTOWN","A Beautiful Documentary of a Boy And a Robot who must Discover a Squirrel in Australia",2
"CHAMBER ITALIAN","A Fateful Reflection of a Moose And a Husband who must Overcome a Monkey in Nigeria",2
"CHAMPION FLATLINERS","A Amazing Story of a Mad Cow And a Dog who must Kill a Husband in A Monastery",2
"CHANCE RESURRECTION","A Astounding Story of a Forensic Psychologist And a Forensic Psychologist who must Overcome a Moose in Ancient China",2
"CHARADE DUFFEL","A Action-Packed Display of a Man And a Waitress who must Build a Dog in A MySQL Convention",2
"CHARIOTS CONSPIRACY","A Unbelieveable Epistle of a Robot And a Husband who must Chase a Robot in The First Manned Space Station",2
"CHASING FIGHT","A Astounding Saga of a Technical Writer And a Butler who must Battle a Butler in A Shark Tank",2
"CHEAPER CLYDE","A Emotional Character Study of a Pioneer And a Girl who must Discover a Dog in Ancient Japan",2
"CHICAGO NORTH","A Fateful Yarn of a Mad Cow And a Waitress who must Battle a Student in California",2
"CHICKEN HELLFIGHTERS","A Emotional Drama of a Dog And a Explorer who must Outrace a Technical Writer in Australia",2
"CHILL LUCK","A Lacklusture Epistle of a Boat And a Technical Writer who must Fight a A Shark in The Canadian Rockies",2
"CHISUM BEHAVIOR","A Epic Documentary of a Sumo Wrestler And a Butler who must Kill a Car in Ancient India",2
"CHOCOLAT HARRY","A Action-Packed Epistle of a Dentist And a Moose who must Meet a Mad Cow in Ancient Japan",2
"CHRISTMAS MOONSHINE","A Action-Packed Epistle of a Feminist And a Astronaut who must Conquer a Boat in A Manhattan Penthouse",2
"CIDER DESIRE","A Stunning Character Study of a Composer And a Mad Cow who must Succumb a Cat in Soviet Georgia",2
"CINCINATTI WHISPERER","A Brilliant Saga of a Pastry Chef And a Hunter who must Confront a Butler in Berlin",2
"CLASH FREDDY","A Amazing Yarn of a Composer And a Squirrel who must Escape a Astronaut in Australia",2
"CLEOPATRA DEVIL","A Fanciful Documentary of a Crocodile And a Technical Writer who must Fight a A Shark in A Baloon",2
"CLERKS ANGELS","A Thrilling Display of a Sumo Wrestler And a Girl who must Confront a Man in A Baloon",2
"CLOCKWORK PARADISE","A Insightful Documentary of a Technical Writer And a Feminist who must Challenge a Cat in A Baloon",2
"CLONES PINOCCHIO","A Amazing Drama of a Car And a Robot who must Pursue a Dentist in New Orleans",2
"CLOSER BANG","A Unbelieveable Panorama of a Frisbee And a Hunter who must Vanquish a Monkey in Ancient India",2
"CLUB GRAFFITI","A Epic Tale of a Pioneer And a Hunter who must Escape a Girl in A U-Boat",2
"CLUELESS BUCKET","A Taut Tale of a Car And a Pioneer who must Conquer a Sumo Wrestler in An Abandoned Fun House",2
"CLYDE THEORY","A Beautiful Yarn of a Astronaut And a Frisbee who must Overcome a Explorer in A Jet Boat",2
"COAST RAINBOW","A Astounding Documentary of a Mad Cow And a Pioneer who must Challenge a Butler in The Sahara Desert",2
"COLDBLOODED DARLING","A Brilliant Panorama of a Dentist And a Moose who must Find a Student in The Gulf of Mexico",2
"COLOR PHILADELPHIA","A Thoughtful Panorama of a Car And a Crocodile who must Sink a Monkey in The Sahara Desert",2
"COMA HEAD","A Awe-Inspiring Drama of a Boy And a Frisbee who must Escape a Pastry Chef in California",2
"COMFORTS RUSH","A Unbelieveable Panorama of a Pioneer And a Husband who must Meet a Mad Cow in An Abandoned Mine Shaft",2
"COMMAND DARLING","A Awe-Inspiring Tale of a Forensic Psychologist And a Woman who must Challenge a Database Administrator in Ancient Japan",2
"CONEHEADS SMOOCHY","A Touching Story of a Womanizer And a Composer who must Pursue a Husband in Nigeria",2
"CONFESSIONS MAGUIRE","A Insightful Story of a Car And a Boy who must Battle a Technical Writer in A Baloon",2
"CONFIDENTIAL INTERVIEW","A Stunning Reflection of a Cat And a Woman who must Find a Astronaut in Ancient Japan",2
"CONFUSED CANDLES","A Stunning Epistle of a Cat And a Forensic Psychologist who must Confront a Pioneer in A Baloon",2
"CONGENIALITY QUEST","A Touching Documentary of a Cat And a Pastry Chef who must Find a Lumberjack in A Baloon",2
"CONNECTICUT TRAMP","A Unbelieveable Drama of a Crocodile And a Mad Cow who must Reach a Dentist in A Shark Tank",2
"CONSPIRACY SPIRIT","A Awe-Inspiring Story of a Student And a Frisbee who must Conquer a Crocodile in An Abandoned Mine Shaft",2
"CONTACT ANONYMOUS","A Insightful Display of a A Shark And a Monkey who must Face a Database Administrator in Ancient India",2
"CONVERSATION DOWNHILL","A Taut Character Study of a Husband And a Waitress who must Sink a Squirrel in A MySQL Convention",2
"CORE SUIT","A Unbelieveable Tale of a Car And a Explorer who must Confront a Boat in A Manhattan Penthouse",2
"CRAFT OUTFIELD","A Lacklusture Display of a Explorer And a Hunter who must Succumb a Database Administrator in A Baloon Factory",2
"CRANES RESERVOIR","A Fanciful Documentary of a Teacher And a Dog who must Outgun a Forensic Psychologist in A Baloon Factory",2
"CREATURES SHAKESPEARE","A Emotional Drama of a Womanizer And a Squirrel who must Vanquish a Crocodile in Ancient India",2
"CREEPERS KANE","A Awe-Inspiring Reflection of a Squirrel And a Boat who must Outrace a Car in A Jet Boat",2
"CROOKED FROGMEN","A Unbelieveable Drama of a Hunter And a Database Administrator who must Battle a Crocodile in An Abandoned Amusement Park",2
"CROSSROADS CASUALTIES","A Intrepid Documentary of a Sumo Wrestler And a Astronaut who must Battle a Composer in The Outback",2
"CROW GREASE","A Awe-Inspiring Documentary of a Woman And a Husband who must Sink a Database Administrator in The First Manned Space Station",2
"CUPBOARD SINNERS","A Emotional Reflection of a Frisbee And a Boat who must Reach a Pastry Chef in An Abandoned Amusement Park",2
"CURTAIN VIDEOTAPE","A Boring Reflection of a Dentist And a Mad Cow who must Chase a Secret Agent in A Shark Tank",2
"DAISY MENAGERIE","A Fast-Paced Saga of a Pastry Chef And a Monkey who must Sink a Composer in Ancient India",2
"DALMATIONS SWEDEN","A Emotional Epistle of a Moose And a Hunter who must Overcome a Robot in A Manhattan Penthouse",2
"DANCING FEVER","A Stunning Story of a Explorer And a Forensic Psychologist who must Face a Crocodile in A Shark Tank",2
"DARKO DORADO","A Stunning Reflection of a Frisbee And a Husband who must Redeem a Dog in New Orleans",2
"DARN FORRESTER","A Fateful Story of a A Shark And a Explorer who must Succumb a Technical Writer in A Jet Boat",2
"DAUGHTER MADIGAN","A Beautiful Tale of a Hunter And a Mad Scientist who must Confront a Squirrel in The First Manned Space Station",2
"DAWN POND","A Thoughtful Documentary of a Dentist And a Forensic Psychologist who must Defeat a Waitress in Berlin",2
"DAY UNFAITHFUL","A Stunning Documentary of a Composer And a Mad Scientist who must Find a Technical Writer in A U-Boat",2
"DECEIVER BETRAYED","A Taut Story of a Moose And a Squirrel who must Build a Husband in Ancient India",2
"DEER VIRGINIAN","A Thoughtful Story of a Mad Cow And a Womanizer who must Overcome a Mad Scientist in Soviet Georgia",2
"DESERT POSEIDON","A Brilliant Documentary of a Butler And a Frisbee who must Build a Astronaut in New Orleans",2
"DESIRE ALIEN","A Fast-Paced Tale of a Dog And a Forensic Psychologist who must Meet a Astronaut in The First Manned Space Station",2
"DESTINY SATURDAY","A Touching Drama of a Crocodile And a Crocodile who must Conquer a Explorer in Soviet Georgia",2
"DETAILS PACKER","A Epic Saga of a Waitress And a Composer who must Face a Boat in A U-Boat",2
"DETECTIVE VISION","A Fanciful Documentary of a Pioneer And a Woman who must Redeem a Hunter in Ancient Japan",2
"DEVIL DESIRE","A Beautiful Reflection of a Monkey And a Dentist who must Face a Database Administrator in Ancient Japan",2
"DINOSAUR SECRETARY","A Action-Packed Drama of a Feminist And a Girl who must Reach a Robot in The Canadian Rockies",2
"DIRTY ACE","A Action-Packed Character Study of a Forensic Psychologist And a Girl who must Build a Dentist in The Outback",2
"DISCIPLE MOTHER","A Touching Reflection of a Mad Scientist And a Boat who must Face a Moose in A Shark Tank",2
"DISTURBING SCARFACE","A Lacklusture Display of a Crocodile And a Butler who must Overcome a Monkey in A U-Boat",2
"DIVIDE MONSTER","A Intrepid Saga of a Man And a Forensic Psychologist who must Reach a Squirrel in A Monastery",2
"DIVINE RESURRECTION","A Boring Character Study of a Man And a Womanizer who must Succumb a Teacher in An Abandoned Amusement Park",2
"DOGMA FAMILY","A Brilliant Character Study of a Database Administrator And a Monkey who must Succumb a Astronaut in New Orleans",2
"DOLLS RAGE","A Thrilling Display of a Pioneer And a Frisbee who must Escape a Teacher in The Outback",2
"DOOM DANCING","A Astounding Panorama of a Car And a Mad Scientist who must Battle a Lumberjack in A MySQL Convention",2
"DOORS PRESIDENT","A Awe-Inspiring Display of a Squirrel And a Woman who must Overcome a Boy in The Gulf of Mexico",2
"DORADO NOTTING","A Action-Packed Tale of a Sumo Wrestler And a A Shark who must Meet a Frisbee in California",2
"DOUBLE WRATH","A Thoughtful Yarn of a Womanizer And a Dog who must Challenge a Madman in The Gulf of Mexico",2
"DOUBTFIRE LABYRINTH","A Intrepid Panorama of a Butler And a Composer who must Meet a Mad Cow in The Sahara Desert",2
"DOWNHILL ENOUGH","A Emotional Tale of a Pastry Chef And a Forensic Psychologist who must Succumb a Monkey in The Sahara Desert",2
"DOZEN LION","A Taut Drama of a Cat And a Girl who must Defeat a Frisbee in The Canadian Rockies",2
"DRACULA CRYSTAL","A Thrilling Reflection of a Feminist And a Cat who must Find a Frisbee in An Abandoned Fun House",2
"DRAGON SQUAD","A Taut Reflection of a Boy And a Waitress who must Outgun a Teacher in Ancient China",2
"DRAGONFLY STRANGERS","A Boring Documentary of a Pioneer And a Man who must Vanquish a Man in Nigeria",2
"DREAM PICKUP","A Epic Display of a Car And a Composer who must Overcome a Forensic Psychologist in The Gulf of Mexico",2
"DRIFTER COMMANDMENTS","A Epic Reflection of a Womanizer And a Squirrel who must Discover a Husband in A Jet Boat",2
"DRIVER ANNIE","A Lacklusture Character Study of a Butler And a Car who must Redeem a Boat in An Abandoned Fun House",2
"DRIVING POLISH","A Action-Packed Yarn of a Feminist And a Technical Writer who must Sink a Boat in An Abandoned Mine Shaft",2
"DROP WATERFRONT","A Fanciful Documentary of a Husband And a Explorer who must Reach a Madman in Ancient China",2
"DRUMLINE CYCLONE","A Insightful Panorama of a Monkey And a Sumo Wrestler who must Outrace a Mad Scientist in The Canadian Rockies",2
"DRUMS DYNAMITE","A Epic Display of a Crocodile And a Crocodile who must Confront a Dog in An Abandoned Amusement Park",2
"DUDE BLINDNESS","A Stunning Reflection of a Husband And a Lumberjack who must Face a Frisbee in An Abandoned Fun House",2
"DUMBO LUST","A Touching Display of a Feminist And a Dentist who must Conquer a Husband in The Gulf of Mexico",2
"DURHAM PANKY","A Brilliant Panorama of a Girl And a Boy who must Face a Mad Scientist in An Abandoned Mine Shaft",2
"DWARFS ALTER","A Emotional Yarn of a Girl And a Dog who must Challenge a Composer in Ancient Japan",2
"DYNAMITE TARZAN","A Intrepid Documentary of a Forensic Psychologist And a Mad Scientist who must Face a Explorer in A U-Boat",2
"EAGLES PANKY","A Thoughtful Story of a Car And a Boy who must Find a A Shark in The Sahara Desert",2
"EARLY HOME","A Amazing Panorama of a Mad Scientist And a Husband who must Meet a Woman in The Outback",2
"EARRING INSTINCT","A Stunning Character Study of a Dentist And a Mad Cow who must Find a Teacher in Nigeria",2
"EARTH VISION","A Stunning Drama of a Butler And a Madman who must Outrace a Womanizer in Ancient India",2
"EASY GLADIATOR","A Fateful Story of a Monkey And a Girl who must Overcome a Pastry Chef in Ancient India",2
"EFFECT GLADIATOR","A Beautiful Display of a Pastry Chef And a Pastry Chef who must Outgun a Forensic Psychologist in A Manhattan Penthouse",2
"EGG IGBY","A Beautiful Documentary of a Boat And a Sumo Wrestler who must Succumb a Database Administrator in The First Manned Space Station",2
"EGYPT TENENBAUMS","A Intrepid Story of a Madman And a Secret Agent who must Outrace a Astronaut in An Abandoned Amusement Park",2
"EMPIRE MALKOVICH","A Amazing Story of a Feminist And a Cat who must Face a Car in An Abandoned Fun House",2
"ENCINO ELF","A Astounding Drama of a Feminist And a Teacher who must Confront a Husband in A Baloon",2
"ENCOUNTERS CURTAIN","A Insightful Epistle of a Pastry Chef And a Womanizer who must Build a Boat in New Orleans",2
"ENEMY ODDS","A Fanciful Panorama of a Mad Scientist And a Woman who must Pursue a Astronaut in Ancient India",2
"ENGLISH BULWORTH","A Intrepid Epistle of a Pastry Chef And a Pastry Chef who must Pursue a Crocodile in Ancient China",2
"ENOUGH RAGING","A Astounding Character Study of a Boat And a Secret Agent who must Find a Mad Cow in The Sahara Desert",2
"ENTRAPMENT SATISFACTION","A Thoughtful Panorama of a Hunter And a Teacher who must Reach a Mad Cow in A U-Boat",2
"ESCAPE METROPOLIS","A Taut Yarn of a Astronaut And a Technical Writer who must Outgun a Boat in New Orleans",2
"EXCITEMENT EVE","A Brilliant Documentary of a Monkey And a Car who must Conquer a Crocodile in A Shark Tank",2
"EXORCIST STING","A Touching Drama of a Dog And a Sumo Wrestler who must Conquer a Mad Scientist in Berlin",2
"EXPECATIONS NATURAL","A Amazing Drama of a Butler And a Husband who must Reach a A Shark in A U-Boat",2
"EXPENDABLE STALLION","A Amazing Character Study of a Mad Cow And a Squirrel who must Discover a Hunter in A U-Boat",2
"EXTRAORDINARY CONQUERER","A Stunning Story of a Dog And a Feminist who must Face a Forensic Psychologist in Berlin",2
"EYES DRIVING","A Thrilling Story of a Cat And a Waitress who must Fight a Explorer in The Outback",2
"FALCON VOLUME","A Fateful Saga of a Sumo Wrestler And a Hunter who must Redeem a A Shark in New Orleans",2
"FAMILY SWEET","A Epic Documentary of a Teacher And a Boy who must Escape a Woman in Berlin",2
"FANTASIA PARK","A Thoughtful Documentary of a Mad Scientist And a A Shark who must Outrace a Feminist in Australia",2
"FANTASY TROOPERS","A Touching Saga of a Teacher And a Monkey who must Overcome a Secret Agent in A MySQL Convention",2
"FARGO GANDHI","A Thrilling Reflection of a Pastry Chef And a Crocodile who must Reach a Teacher in The Outback",2
"FATAL HAUNTED","A Beautiful Drama of a Student And a Secret Agent who must Confront a Dentist in Ancient Japan",2
"FELLOWSHIP AUTUMN","A Lacklusture Reflection of a Dentist And a Hunter who must Meet a Teacher in A Baloon",2
"FERRIS MOTHER","A Touching Display of a Frisbee And a Frisbee who must Kill a Girl in The Gulf of Mexico",2
"FEUD FROGMEN","A Brilliant Reflection of a Database Administrator And a Mad Cow who must Chase a Woman in The Canadian Rockies",2
"FICTION CHRISTMAS","A Emotional Yarn of a A Shark And a Student who must Battle a Robot in An Abandoned Mine Shaft",2
"FIDDLER LOST","A Boring Tale of a Squirrel And a Dog who must Challenge a Madman in The Gulf of Mexico",2
"FIDELITY DEVIL","A Awe-Inspiring Drama of a Technical Writer And a Composer who must Reach a Pastry Chef in A U-Boat",2
"FIGHT JAWBREAKER","A Intrepid Panorama of a Womanizer And a Girl who must Escape a Girl in A Manhattan Penthouse",2
"FINDING ANACONDA","A Fateful Tale of a Database Administrator And a Girl who must Battle a Squirrel in New Orleans",2
"FIRE WOLVES","A Intrepid Documentary of a Frisbee And a Dog who must Outrace a Lumberjack in Nigeria",2
"FIREBALL PHILADELPHIA","A Amazing Yarn of a Dentist And a A Shark who must Vanquish a Madman in An Abandoned Mine Shaft",2
"FISH OPUS","A Touching Display of a Feminist And a Girl who must Confront a Astronaut in Australia",2
"FLAMINGOS CONNECTICUT","A Fast-Paced Reflection of a Composer And a Composer who must Meet a Cat in The Sahara Desert",2
"FLATLINERS KILLER","A Taut Display of a Secret Agent And a Waitress who must Sink a Robot in An Abandoned Mine Shaft",2
"FLIGHT LIES","A Stunning Character Study of a Crocodile And a Pioneer who must Pursue a Teacher in New Orleans",2
"FLINTSTONES HAPPINESS","A Fateful Story of a Husband And a Moose who must Vanquish a Boy in California",2
"FLYING HOOK","A Thrilling Display of a Mad Cow And a Dog who must Challenge a Frisbee in Nigeria",2
"FOOL MOCKINGBIRD","A Lacklusture Tale of a Crocodile And a Composer who must Defeat a Madman in A U-Boat",2
"FOREVER CANDIDATE","A Unbelieveable Panorama of a Technical Writer And a Man who must Pursue a Frisbee in A U-Boat",2
"FORREST SONS","A Thrilling Documentary of a Forensic Psychologist And a Butler who must Defeat a Explorer in A Jet Boat",2
"FORRESTER COMANCHEROS","A Fateful Tale of a Squirrel And a Forensic Psychologist who must Redeem a Man in Nigeria",2
"FORWARD TEMPLE","A Astounding Display of a Forensic Psychologist And a Mad Scientist who must Challenge a Girl in New Orleans",2
"FREAKY POCUS","A Fast-Paced Documentary of a Pastry Chef And a Crocodile who must Chase a Squirrel in The Gulf of Mexico",2
"FREDDY STORM","A Intrepid Saga of a Man And a Lumberjack who must Vanquish a Husband in The Outback",2
"FRENCH HOLIDAY","A Thrilling Epistle of a Dog And a Feminist who must Kill a Madman in Berlin",2
"FRIDA SLIPPER","A Fateful Story of a Lumberjack And a Car who must Escape a Boat in An Abandoned Mine Shaft",2
"FRISCO FORREST","A Beautiful Documentary of a Woman And a Pioneer who must Pursue a Mad Scientist in A Shark Tank",2
"FROGMEN BREAKING","A Unbelieveable Yarn of a Mad Scientist And a Cat who must Chase a Lumberjack in Australia",2
"FROST HEAD","A Amazing Reflection of a Lumberjack And a Cat who must Discover a Husband in A MySQL Convention",2
"FURY MURDER","A Lacklusture Reflection of a Boat And a Forensic Psychologist who must Fight a Waitress in A Monastery",2
"GABLES METROPOLIS","A Fateful Display of a Cat And a Pioneer who must Challenge a Pastry Chef in A Baloon Factory",2
"GALAXY SWEETHEARTS","A Emotional Reflection of a Womanizer And a Pioneer who must Face a Squirrel in Berlin",2
"GANDHI KWAI","A Thoughtful Display of a Mad Scientist And a Secret Agent who must Chase a Boat in Berlin",2
"GANGS PRIDE","A Taut Character Study of a Woman And a A Shark who must Confront a Frisbee in Berlin",2
"GARDEN ISLAND","A Unbelieveable Character Study of a Womanizer And a Madman who must Reach a Man in The Outback",2
"GASLIGHT CRUSADE","A Amazing Epistle of a Boy And a Astronaut who must Redeem a Man in The Gulf of Mexico",2
"GATHERING CALENDAR","A Intrepid Tale of a Pioneer And a Moose who must Conquer a Frisbee in A MySQL Convention",2
"GENTLEMEN STAGE","A Awe-Inspiring Reflection of a Monkey And a Student who must Overcome a Dentist in The First Manned Space Station",2
"GHOST GROUNDHOG","A Brilliant Panorama of a Madman And a Composer who must Succumb a Car in Ancient India",2
"GHOSTBUSTERS ELF","A Thoughtful Epistle of a Dog And a Feminist who must Chase a Composer in Berlin",2
"GIANT TROOPERS","A Fateful Display of a Feminist And a Monkey who must Vanquish a Monkey in The Canadian Rockies",2
"GILBERT PELICAN","A Fateful Tale of a Man And a Feminist who must Conquer a Crocodile in A Manhattan Penthouse",2
"GILMORE BOILED","A Unbelieveable Documentary of a Boat And a Husband who must Succumb a Student in A U-Boat",2
"GLEAMING JAWBREAKER","A Amazing Display of a Composer And a Forensic Psychologist who must Discover a Car in The Canadian Rockies",2
"GO PURPLE","A Fast-Paced Display of a Car And a Database Administrator who must Battle a Woman in A Baloon",2
"GOLD RIVER","A Taut Documentary of a Database Administrator And a Waitress who must Reach a Mad Scientist in A Baloon Factory",2
"GOLDFINGER SENSIBILITY","A Insightful Drama of a Mad Scientist And a Hunter who must Defeat a Pastry Chef in New Orleans",2
"GOLDMINE TYCOON","A Brilliant Epistle of a Composer And a Frisbee who must Conquer a Husband in The Outback",2
"GOODFELLAS SALUTE","A Unbelieveable Tale of a Dog And a Explorer who must Sink a Mad Cow in A Baloon Factory",2
"GORGEOUS BINGO","A Action-Packed Display of a Sumo Wrestler And a Car who must Overcome a Waitress in A Baloon Factory",2
"GRADUATE LORD","A Lacklusture Epistle of a Girl And a A Shark who must Meet a Mad Scientist in Ancient China",2
"GRAFFITI LOVE","A Unbelieveable Epistle of a Sumo Wrestler And a Hunter who must Build a Composer in Berlin",2
"GRAPES FURY","A Boring Yarn of a Mad Cow And a Sumo Wrestler who must Meet a Robot in Australia",2
"GREASE YOUTH","A Emotional Panorama of a Secret Agent And a Waitress who must Escape a Composer in Soviet Georgia",2
"GREATEST NORTH","A Astounding Character Study of a Secret Agent And a Robot who must Build a A Shark in Berlin",2
"GREEDY ROOTS","A Amazing Reflection of a A Shark And a Butler who must Chase a Hunter in The Canadian Rockies",2
"GREEK EVERYONE","A Stunning Display of a Butler And a Teacher who must Confront a A Shark in The First Manned Space Station",2
"GRINCH MASSAGE","A Intrepid Display of a Madman And a Feminist who must Pursue a Pioneer in The First Manned Space Station",2
"GRIT CLOCKWORK","A Thoughtful Display of a Dentist And a Squirrel who must Confront a Lumberjack in A Shark Tank",2
"GROOVE FICTION","A Unbelieveable Reflection of a Moose And a A Shark who must Defeat a Lumberjack in An Abandoned Mine Shaft",2
"GROSSE WONDERFUL","A Epic Drama of a Cat And a Explorer who must Redeem a Moose in Australia",2
"GROUNDHOG UNCUT","A Brilliant Panorama of a Astronaut And a Technical Writer who must Discover a Butler in A Manhattan Penthouse",2
"GUN BONNIE","A Boring Display of a Sumo Wrestler And a Husband who must Build a Waitress in The Gulf of Mexico",2
"GUNFIGHT MOON","A Epic Reflection of a Pastry Chef And a Explorer who must Reach a Dentist in The Sahara Desert",2
"GUNFIGHTER MUSSOLINI","A Touching Saga of a Robot And a Boy who must Kill a Man in Ancient Japan",2
"HALF OUTFIELD","A Epic Epistle of a Database Administrator And a Crocodile who must Face a Madman in A Jet Boat",2
"HALL CASSIDY","A Beautiful Panorama of a Pastry Chef And a A Shark who must Battle a Pioneer in Soviet Georgia",2
"HANDICAP BOONDOCK","A Beautiful Display of a Pioneer And a Squirrel who must Vanquish a Sumo Wrestler in Soviet Georgia",2
"HANGING DEEP","A Action-Packed Yarn of a Boat And a Crocodile who must Build a Monkey in Berlin",2
"HANKY OCTOBER","A Boring Epistle of a Database Administrator And a Explorer who must Pursue a Madman in Soviet Georgia",2
"HANOVER GALAXY","A Stunning Reflection of a Girl And a Secret Agent who must Succumb a Boy in A MySQL Convention",2
"HAPPINESS UNITED","A Action-Packed Panorama of a Husband And a Feminist who must Meet a Forensic Psychologist in Ancient Japan",2
"HARPER DYING","A Awe-Inspiring Reflection of a Woman And a Cat who must Confront a Feminist in The Sahara Desert",2
"HARRY IDAHO","A Taut Yarn of a Technical Writer And a Feminist who must Outrace a Dog in California",2
"HAUNTED ANTITRUST","A Amazing Saga of a Man And a Dentist who must Reach a Technical Writer in Ancient India",2
"HAUNTING PIANIST","A Fast-Paced Story of a Database Administrator And a Composer who must Defeat a Squirrel in An Abandoned Amusement Park",2
"HEAD STRANGER","A Thoughtful Saga of a Hunter And a Crocodile who must Confront a Dog in The Gulf of Mexico",2
"HEARTBREAKERS BRIGHT","A Awe-Inspiring Documentary of a A Shark And a Dentist who must Outrace a Pastry Chef in The Canadian Rockies",2
"HEAVEN FREEDOM","A Intrepid Story of a Butler And a Car who must Vanquish a Man in New Orleans",2
"HEAVYWEIGHTS BEAST","A Unbelieveable Story of a Composer And a Dog who must Overcome a Womanizer in An Abandoned Amusement Park",2
"HELLFIGHTERS SIERRA","A Taut Reflection of a A Shark And a Dentist who must Battle a Boat in Soviet Georgia",2
"HIGH ENCINO","A Fateful Saga of a Waitress And a Hunter who must Outrace a Sumo Wrestler in Australia",2
"HIGHBALL POTTER","A Action-Packed Saga of a Husband And a Dog who must Redeem a Database Administrator in The Sahara Desert",2
"HILLS NEIGHBORS","A Epic Display of a Hunter And a Feminist who must Sink a Car in A U-Boat",2
"HOBBIT ALIEN","A Emotional Drama of a Husband And a Girl who must Outgun a Composer in The First Manned Space Station",2
"HOLES BRANNIGAN","A Fast-Paced Reflection of a Technical Writer And a Student who must Fight a Boy in The Canadian Rockies",2
"HOLIDAY GAMES","A Insightful Reflection of a Waitress And a Madman who must Pursue a Boy in Ancient Japan",2
"HOLLOW JEOPARDY","A Beautiful Character Study of a Robot And a Astronaut who must Overcome a Boat in A Monastery",2
"HOLLYWOOD ANONYMOUS","A Fast-Paced Epistle of a Boy And a Explorer who must Escape a Dog in A U-Boat",2
"HOLOCAUST HIGHBALL","A Awe-Inspiring Yarn of a Composer And a Man who must Find a Robot in Soviet Georgia",2
"HOLY TADPOLE","A Action-Packed Display of a Feminist And a Pioneer who must Pursue a Dog in A Baloon Factory",2
"HOME PITY","A Touching Panorama of a Man And a Secret Agent who must Challenge a Teacher in A MySQL Convention",2
"HOMICIDE PEACH","A Astounding Documentary of a Hunter And a Boy who must Confront a Boy in A MySQL Convention",2
"HONEY TIES","A Taut Story of a Waitress And a Crocodile who must Outrace a Lumberjack in A Shark Tank",2
"HOOK CHARIOTS","A Insightful Story of a Boy And a Dog who must Redeem a Boy in Australia",2
"HOOSIERS BIRDCAGE","A Astounding Display of a Explorer And a Boat who must Vanquish a Car in The First Manned Space Station",2
"HOPE TOOTSIE","A Amazing Documentary of a Student And a Sumo Wrestler who must Outgun a A Shark in A Shark Tank",2
"HORN WORKING","A Stunning Display of a Mad Scientist And a Technical Writer who must Succumb a Monkey in A Shark Tank",2
"HORROR REIGN","A Touching Documentary of a A Shark And a Car who must Build a Husband in Nigeria",2
"HOURS RAGE","A Fateful Story of a Explorer And a Feminist who must Meet a Technical Writer in Soviet Georgia",2
"HOUSE DYNAMITE","A Taut Story of a Pioneer And a Squirrel who must Battle a Student in Soviet Georgia",2
"HUMAN GRAFFITI","A Beautiful Reflection of a Womanizer And a Sumo Wrestler who must Chase a Database Administrator in The Gulf of Mexico",2
"HUNCHBACK IMPOSSIBLE","A Touching Yarn of a Frisbee And a Dentist who must Fight a Composer in Ancient Japan",2
"HUNGER ROOF","A Unbelieveable Yarn of a Student And a Database Administrator who must Outgun a Husband in An Abandoned Mine Shaft",2
"HURRICANE AFFAIR","A Lacklusture Epistle of a Database Administrator And a Woman who must Meet a Hunter in An Abandoned Mine Shaft",2
"HUSTLER PARTY","A Emotional Reflection of a Sumo Wrestler And a Monkey who must Conquer a Robot in The Sahara Desert",2
"HYDE DOCTOR","A Fanciful Documentary of a Boy And a Woman who must Redeem a Womanizer in A Jet Boat",2
"HYSTERICAL GRAIL","A Amazing Saga of a Madman And a Dentist who must Build a Car in A Manhattan Penthouse",2
"ICE CROSSING","A Fast-Paced Tale of a Butler And a Moose who must Overcome a Pioneer in A Manhattan Penthouse",2
"IDAHO LOVE","A Fast-Paced Drama of a Student And a Crocodile who must Meet a Database Administrator in The Outback",2
"IDENTITY LOVER","A Boring Tale of a Composer And a Mad Cow who must Defeat a Car in The Outback",2
"IDOLS SNATCHERS","A Insightful Drama of a Car And a Composer who must Fight a Man in A Monastery",2
"IGBY MAKER","A Epic Documentary of a Hunter And a Dog who must Outgun a Dog in A Baloon Factory",2
"ILLUSION AMELIE","A Emotional Epistle of a Boat And a Mad Scientist who must Outrace a Robot in An Abandoned Mine Shaft",2
"IMAGE PRINCESS","A Lacklusture Panorama of a Secret Agent And a Crocodile who must Discover a Madman in The Canadian Rockies",2
"INCH JET","A Fateful Saga of a Womanizer And a Student who must Defeat a Butler in A Monastery",2
"INDEPENDENCE HOTEL","A Thrilling Tale of a Technical Writer And a Boy who must Face a Pioneer in A Monastery",2
"INDIAN LOVE","A Insightful Saga of a Mad Scientist And a Mad Scientist who must Kill a Astronaut in An Abandoned Fun House",2
"INFORMER DOUBLE","A Action-Packed Display of a Woman And a Dentist who must Redeem a Forensic Psychologist in The Canadian Rockies",2
"INNOCENT USUAL","A Beautiful Drama of a Pioneer And a Crocodile who must Challenge a Student in The Outback",2
"INSECTS STONE","A Epic Display of a Butler And a Dog who must Vanquish a Crocodile in A Manhattan Penthouse",2
"INSIDER ARIZONA","A Astounding Saga of a Mad Scientist And a Hunter who must Pursue a Robot in A Baloon Factory",2
"INSTINCT AIRPORT","A Touching Documentary of a Mad Cow And a Explorer who must Confront a Butler in A Manhattan Penthouse",2
"INTENTIONS EMPIRE","A Astounding Epistle of a Cat And a Cat who must Conquer a Mad Cow in A U-Boat",2
"INTERVIEW LIAISONS","A Action-Packed Reflection of a Student And a Butler who must Discover a Database Administrator in A Manhattan Penthouse",2
"INTRIGUE WORST","A Fanciful Character Study of a Explorer And a Mad Scientist who must Vanquish a Squirrel in A Jet Boat",2
"INVASION CYCLONE","A Lacklusture Character Study of a Mad Scientist And a Womanizer who must Outrace a Explorer in A Monastery",2
"IRON MOON","A Fast-Paced Documentary of a Mad Cow And a Boy who must Pursue a Dentist in A Baloon",2
"ISLAND EXORCIST","A Fanciful Panorama of a Technical Writer And a Boy who must Find a Dentist in An Abandoned Fun House",2
"ITALIAN AFRICAN","A Astounding Character Study of a Monkey And a Moose who must Outgun a Cat in A U-Boat",2
"JACKET FRISCO","A Insightful Reflection of a Womanizer And a Husband who must Conquer a Pastry Chef in A Baloon",2
"JADE BUNCH","A Insightful Panorama of a Squirrel And a Mad Cow who must Confront a Student in The First Manned Space Station",2
"JAPANESE RUN","A Awe-Inspiring Epistle of a Feminist And a Girl who must Sink a Girl in The Outback",2
"JASON TRAP","A Thoughtful Tale of a Woman And a A Shark who must Conquer a Dog in A Monastery",2
"JAWBREAKER BROOKLYN","A Stunning Reflection of a Boat And a Pastry Chef who must Succumb a A Shark in A Jet Boat",2
"JAWS HARRY","A Thrilling Display of a Database Administrator And a Monkey who must Overcome a Dog in An Abandoned Fun House",2
"JEDI BENEATH","A Astounding Reflection of a Explorer And a Dentist who must Pursue a Student in Nigeria",2
"JEEPERS WEDDING","A Astounding Display of a Composer And a Dog who must Kill a Pastry Chef in Soviet Georgia",2
"JEKYLL FROGMEN","A Fanciful Epistle of a Student And a Astronaut who must Kill a Waitress in A Shark Tank",2
"JERICHO MULAN","A Amazing Yarn of a Hunter And a Butler who must Defeat a Boy in A Jet Boat",2
"JERK PAYCHECK","A Touching Character Study of a Pastry Chef And a Database Administrator who must Reach a A Shark in Ancient Japan",2
"JERSEY SASSY","A Lacklusture Documentary of a Madman And a Mad Cow who must Find a Feminist in Ancient Japan",2
"JET NEIGHBORS","A Amazing Display of a Lumberjack And a Teacher who must Outrace a Woman in A U-Boat",2
"JINGLE SAGEBRUSH","A Epic Character Study of a Feminist And a Student who must Meet a Woman in A Baloon",2
"JOON NORTHWEST","A Thrilling Panorama of a Technical Writer And a Car who must Discover a Forensic Psychologist in A Shark Tank",2
"JUGGLER HARDLY","A Epic Story of a Mad Cow And a Astronaut who must Challenge a Car in California",2
"JUMPING WRATH","A Touching Epistle of a Monkey And a Feminist who must Discover a Boat in Berlin",2
"KANE EXORCIST","A Epic Documentary of a Composer And a Robot who must Overcome a Car in Berlin",2
"KARATE MOON","A Astounding Yarn of a Womanizer And a Dog who must Reach a Waitress in A MySQL Convention",2
"KICK SAVANNAH","A Emotional Drama of a Monkey And a Robot who must Defeat a Monkey in New Orleans",2
"KISS GLORY","A Lacklusture Reflection of a Girl And a Husband who must Find a Robot in The Canadian Rockies",2
"KISSING DOLLS","A Insightful Reflection of a Pioneer And a Teacher who must Build a Composer in The First Manned Space Station",2
"KNOCK WARLOCK","A Unbelieveable Story of a Teacher And a Boat who must Confront a Moose in A Baloon",2
"KWAI HOMEWARD","A Amazing Drama of a Car And a Squirrel who must Pursue a Car in Soviet Georgia",2
"LABYRINTH LEAGUE","A Awe-Inspiring Saga of a Composer And a Frisbee who must Succumb a Pioneer in The Sahara Desert",2
"LADY STAGE","A Beautiful Character Study of a Woman And a Man who must Pursue a Explorer in A U-Boat",2
"LADYBUGS ARMAGEDDON","A Fateful Reflection of a Dog And a Mad Scientist who must Meet a Mad Scientist in New Orleans",2
"LAMBS CINCINATTI","A Insightful Story of a Man And a Feminist who must Fight a Composer in Australia",2
"LANGUAGE COWBOY","A Epic Yarn of a Cat And a Madman who must Vanquish a Dentist in An Abandoned Amusement Park",2
"LAWRENCE LOVE","A Fanciful Yarn of a Database Administrator And a Mad Cow who must Pursue a Womanizer in Berlin",2
"LEAGUE HELLFIGHTERS","A Thoughtful Saga of a A Shark And a Monkey who must Outgun a Student in Ancient China",2
"LEATHERNECKS DWARFS","A Fateful Reflection of a Dog And a Mad Cow who must Outrace a Teacher in An Abandoned Mine Shaft",2
"LEBOWSKI SOLDIERS","A Beautiful Epistle of a Secret Agent And a Pioneer who must Chase a Astronaut in Ancient China",2
"LEGALLY SECRETARY","A Astounding Tale of a A Shark And a Moose who must Meet a Womanizer in The Sahara Desert",2
"LEGEND JEDI","A Awe-Inspiring Epistle of a Pioneer And a Student who must Outgun a Crocodile in The Outback",2
"LESSON CLEOPATRA","A Emotional Display of a Man And a Explorer who must Build a Boy in A Manhattan Penthouse",2
"LIAISONS SWEET","A Boring Drama of a A Shark And a Explorer who must Redeem a Waitress in The Canadian Rockies",2
"LIBERTY MAGNIFICENT","A Boring Drama of a Student And a Cat who must Sink a Technical Writer in A Baloon",2
"LIES TREATMENT","A Fast-Paced Character Study of a Dentist And a Moose who must Defeat a Composer in The First Manned Space Station",2
"LIFE TWISTED","A Thrilling Reflection of a Teacher And a Composer who must Find a Man in The First Manned Space Station",2
"LION UNCUT","A Intrepid Display of a Pastry Chef And a Cat who must Kill a A Shark in Ancient China",2
"LOATHING LEGALLY","A Boring Epistle of a Pioneer And a Mad Scientist who must Escape a Frisbee in The Gulf of Mexico",2
"LOCK REAR","A Thoughtful Character Study of a Squirrel And a Technical Writer who must Outrace a Student in Ancient Japan",2
"LOLA AGENT","A Astounding Tale of a Mad Scientist And a Husband who must Redeem a Database Administrator in Ancient Japan",2
"LOSE INCH","A Stunning Reflection of a Student And a Technical Writer who must Battle a Butler in The First Manned Space Station",2
"LOSER HUSTLER","A Stunning Drama of a Robot And a Feminist who must Outgun a Butler in Nigeria",2
"LOUISIANA HARRY","A Lacklusture Drama of a Girl And a Technical Writer who must Redeem a Monkey in A Shark Tank",2
"LOVELY JINGLE","A Fanciful Yarn of a Crocodile And a Forensic Psychologist who must Discover a Crocodile in The Outback",2
"LOVER TRUMAN","A Emotional Yarn of a Robot And a Boy who must Outgun a Technical Writer in A U-Boat",2
"LOVERBOY ATTACKS","A Boring Story of a Car And a Butler who must Build a Girl in Soviet Georgia",2
"LUKE MUMMY","A Taut Character Study of a Boy And a Robot who must Redeem a Mad Scientist in Ancient India",2
"LUST LOCK","A Fanciful Panorama of a Hunter And a Dentist who must Meet a Secret Agent in The Sahara Desert",2
"MADISON TRAP","A Awe-Inspiring Reflection of a Monkey And a Dentist who must Overcome a Pioneer in A U-Boat",2
"MADNESS ATTACKS","A Fanciful Tale of a Squirrel And a Boat who must Defeat a Crocodile in The Gulf of Mexico",2
"MADRE GABLES","A Intrepid Panorama of a Sumo Wrestler And a Forensic Psychologist who must Discover a Moose in The First Manned Space Station",2
"MAGIC MALLRATS","A Touching Documentary of a Pastry Chef And a Pastry Chef who must Build a Mad Scientist in California",2
"MAGNOLIA FORRESTER","A Thoughtful Documentary of a Composer And a Explorer who must Conquer a Dentist in New Orleans",2
"MAIDEN HOME","A Lacklusture Saga of a Moose And a Teacher who must Kill a Forensic Psychologist in A MySQL Convention",2
"MAJESTIC FLOATS","A Thrilling Character Study of a Moose And a Student who must Escape a Butler in The First Manned Space Station",2
"MAKER GABLES","A Stunning Display of a Moose And a Database Administrator who must Pursue a Composer in A Jet Boat",2
"MALKOVICH PET","A Intrepid Reflection of a Waitress And a A Shark who must Kill a Squirrel in The Outback",2
"MALLRATS UNITED","A Thrilling Yarn of a Waitress And a Dentist who must Find a Hunter in A Monastery",2
"MALTESE HOPE","A Fast-Paced Documentary of a Crocodile And a Sumo Wrestler who must Conquer a Explorer in California",2
"MANCHURIAN CURTAIN","A Stunning Tale of a Mad Cow And a Boy who must Battle a Boy in Berlin",2
"MANNEQUIN WORST","A Astounding Saga of a Mad Cow And a Pastry Chef who must Discover a Husband in Ancient India",2
"MARRIED GO","A Fanciful Story of a Womanizer And a Dog who must Face a Forensic Psychologist in The Sahara Desert",2
"MARS ROMAN","A Boring Drama of a Car And a Dog who must Succumb a Madman in Soviet Georgia",2
"MASKED BUBBLE","A Fanciful Documentary of a Pioneer And a Boat who must Pursue a Pioneer in An Abandoned Mine Shaft",2
"MASSACRE USUAL","A Fateful Reflection of a Waitress And a Crocodile who must Challenge a Forensic Psychologist in California",2
"MASSAGE IMAGE","A Fateful Drama of a Frisbee And a Crocodile who must Vanquish a Dog in The First Manned Space Station",2
"MEET CHOCOLATE","A Boring Documentary of a Dentist And a Butler who must Confront a Monkey in A MySQL Convention",2
"MEMENTO ZOOLANDER","A Touching Epistle of a Squirrel And a Explorer who must Redeem a Pastry Chef in The Sahara Desert",2
"MERMAID INSECTS","A Lacklusture Drama of a Waitress And a Husband who must Fight a Husband in California",2
"METAL ARMAGEDDON","A Thrilling Display of a Lumberjack And a Crocodile who must Meet a Monkey in A Baloon Factory",2
"METROPOLIS COMA","A Emotional Saga of a Database Administrator And a Pastry Chef who must Confront a Teacher in A Baloon Factory",2
"MIDNIGHT WESTWARD","A Taut Reflection of a Husband And a A Shark who must Redeem a Pastry Chef in A Monastery",2
"MIDSUMMER GROUNDHOG","A Fateful Panorama of a Moose And a Dog who must Chase a Crocodile in Ancient Japan",2
"MIGHTY LUCK","A Astounding Epistle of a Mad Scientist And a Pioneer who must Escape a Database Administrator in A MySQL Convention",2
"MILLION ACE","A Brilliant Documentary of a Womanizer And a Squirrel who must Find a Technical Writer in The Sahara Desert",2
"MINDS TRUMAN","A Taut Yarn of a Mad Scientist And a Crocodile who must Outgun a Database Administrator in A Monastery",2
"MINE TITANS","A Amazing Yarn of a Robot And a Womanizer who must Discover a Forensic Psychologist in Berlin",2
"MIRACLE VIRTUAL","A Touching Epistle of a Butler And a Boy who must Find a Mad Scientist in The Sahara Desert",2
"MISSION ZOOLANDER","A Intrepid Story of a Sumo Wrestler And a Teacher who must Meet a A Shark in An Abandoned Fun House",2
"MOB DUFFEL","A Unbelieveable Documentary of a Frisbee And a Boat who must Meet a Boy in The Canadian Rockies",2
"MOCKINGBIRD HOLLYWOOD","A Thoughtful Panorama of a Man And a Car who must Sink a Composer in Berlin",2
"MODEL FISH","A Beautiful Panorama of a Boat And a Crocodile who must Outrace a Dog in Australia",2
"MODERN DORADO","A Awe-Inspiring Story of a Butler And a Sumo Wrestler who must Redeem a Boy in New Orleans",2
"MONEY HAROLD","A Touching Tale of a Explorer And a Boat who must Defeat a Robot in Australia",2
"MONSOON CAUSE","A Astounding Tale of a Crocodile And a Car who must Outrace a Squirrel in A U-Boat",2
"MONSTER SPARTACUS","A Fast-Paced Story of a Waitress And a Cat who must Fight a Girl in Australia",2
"MONTEREY LABYRINTH","A Awe-Inspiring Drama of a Monkey And a Composer who must Escape a Feminist in A U-Boat",2
"MOON BUNCH","A Beautiful Tale of a Astronaut And a Mad Cow who must Challenge a Cat in A Baloon Factory",2
"MOONSHINE CABIN","A Thoughtful Display of a Astronaut And a Feminist who must Chase a Frisbee in A Jet Boat",2
"MOONWALKER FOOL","A Epic Drama of a Feminist And a Pioneer who must Sink a Composer in New Orleans",2
"MOTHER OLEANDER","A Boring Tale of a Husband And a Boy who must Fight a Squirrel in Ancient China",2
"MOTIONS DETAILS","A Awe-Inspiring Reflection of a Dog And a Student who must Kill a Car in An Abandoned Fun House",2
"MOULIN WAKE","A Astounding Story of a Forensic Psychologist And a Cat who must Battle a Teacher in An Abandoned Mine Shaft",2
"MOURNING PURPLE","A Lacklusture Display of a Waitress And a Lumberjack who must Chase a Pioneer in New Orleans",2
"MOVIE SHAKESPEARE","A Insightful Display of a Database Administrator And a Student who must Build a Hunter in Berlin",2
"MULAN MOON","A Emotional Saga of a Womanizer And a Pioneer who must Overcome a Dentist in A Baloon",2
"MULHOLLAND BEAST","A Awe-Inspiring Display of a Husband And a Squirrel who must Battle a Sumo Wrestler in A Jet Boat",2
"MUMMY CREATURES","A Fateful Character Study of a Crocodile And a Monkey who must Meet a Dentist in Australia",2
"MURDER ANTITRUST","A Brilliant Yarn of a Car And a Database Administrator who must Escape a Boy in A MySQL Convention",2
"MUSCLE BRIGHT","A Stunning Panorama of a Sumo Wrestler And a Husband who must Redeem a Madman in Ancient India",2
"MUSIC BOONDOCK","A Thrilling Tale of a Butler And a Astronaut who must Battle a Explorer in The First Manned Space Station",2
"MUSKETEERS WAIT","A Touching Yarn of a Student And a Moose who must Fight a Mad Cow in Australia",2
"MUSSOLINI SPOILERS","A Thrilling Display of a Boat And a Monkey who must Meet a Composer in Ancient China",2
"NAME DETECTIVE","A Touching Saga of a Sumo Wrestler And a Cat who must Pursue a Mad Scientist in Nigeria",2
"NASH CHOCOLAT","A Epic Reflection of a Monkey And a Mad Cow who must Kill a Forensic Psychologist in An Abandoned Mine Shaft",2
"NATIONAL STORY","A Taut Epistle of a Mad Scientist And a Girl who must Escape a Monkey in California",2
"NECKLACE OUTBREAK","A Astounding Epistle of a Database Administrator And a Mad Scientist who must Pursue a Cat in California",2
"NEIGHBORS CHARADE","A Fanciful Reflection of a Crocodile And a Astronaut who must Outrace a Feminist in An Abandoned Amusement Park",2
"NEMO CAMPUS","A Lacklusture Reflection of a Monkey And a Squirrel who must Outrace a Womanizer in A Manhattan Penthouse",2
"NETWORK PEAK","A Unbelieveable Reflection of a Butler And a Boat who must Outgun a Mad Scientist in California",2
"NEWSIES STORY","A Action-Packed Character Study of a Dog And a Lumberjack who must Outrace a Moose in The Gulf of Mexico",2
"NEWTON LABYRINTH","A Intrepid Character Study of a Moose And a Waitress who must Find a A Shark in Ancient India",2
"NIGHTMARE CHILL","A Brilliant Display of a Robot And a Butler who must Fight a Waitress in An Abandoned Mine Shaft",2
"NONE SPIKING","A Boring Reflection of a Secret Agent And a Astronaut who must Face a Composer in A Manhattan Penthouse",2
"NOON PAPI","A Unbelieveable Character Study of a Mad Scientist And a Astronaut who must Find a Pioneer in A Manhattan Penthouse",2
"NORTH TEQUILA","A Beautiful Character Study of a Mad Cow And a Robot who must Reach a Womanizer in New Orleans",2
"NORTHWEST POLISH","A Boring Character Study of a Boy And a A Shark who must Outrace a Womanizer in The Outback",2
"NOTORIOUS REUNION","A Amazing Epistle of a Woman And a Squirrel who must Fight a Hunter in A Baloon",2
"NOTTING SPEAKEASY","A Thoughtful Display of a Butler And a Womanizer who must Find a Waitress in The Canadian Rockies",2
"NOVOCAINE FLIGHT","A Fanciful Display of a Student And a Teacher who must Outgun a Crocodile in Nigeria",2
"OCTOBER SUBMARINE","A Taut Epistle of a Monkey And a Boy who must Confront a Husband in A Jet Boat",2
"ODDS BOOGIE","A Thrilling Yarn of a Feminist And a Madman who must Battle a Hunter in Berlin",2
"OKLAHOMA JUMANJI","A Thoughtful Drama of a Dentist And a Womanizer who must Meet a Husband in The Sahara Desert",2
"OPEN AFRICAN","A Lacklusture Drama of a Secret Agent And a Explorer who must Discover a Car in A U-Boat",2
"OPERATION OPERATION","A Intrepid Character Study of a Man And a Frisbee who must Overcome a Madman in Ancient China",2
"OPPOSITE NECKLACE","A Fateful Epistle of a Crocodile And a Moose who must Kill a Explorer in Nigeria",2
"OPUS ICE","A Fast-Paced Drama of a Hunter And a Boy who must Discover a Feminist in The Sahara Desert",2
"ORANGE GRAPES","A Astounding Documentary of a Butler And a Womanizer who must Face a Dog in A U-Boat",2
"ORIENT CLOSER","A Astounding Epistle of a Technical Writer And a Teacher who must Fight a Squirrel in The Sahara Desert",2
"OSCAR GOLD","A Insightful Tale of a Database Administrator And a Dog who must Face a Madman in Soviet Georgia",2
"OTHERS SOUP","A Lacklusture Documentary of a Mad Cow And a Madman who must Sink a Moose in The Gulf of Mexico",2
"OUTBREAK DIVINE","A Unbelieveable Yarn of a Database Administrator And a Woman who must Succumb a A Shark in A U-Boat",2
"OUTFIELD MASSACRE","A Thoughtful Drama of a Husband And a Secret Agent who must Pursue a Database Administrator in Ancient India",2
"OUTLAW HANKY","A Thoughtful Story of a Astronaut And a Composer who must Conquer a Dog in The Sahara Desert",2
"OZ LIAISONS","A Epic Yarn of a Mad Scientist And a Cat who must Confront a Womanizer in A Baloon Factory",2
"PACIFIC AMISTAD","A Thrilling Yarn of a Dog And a Moose who must Kill a Pastry Chef in A Manhattan Penthouse",2
"PACKER MADIGAN","A Epic Display of a Sumo Wrestler And a Forensic Psychologist who must Build a Woman in An Abandoned Amusement Park",2
"PANKY SUBMARINE","A Touching Documentary of a Dentist And a Sumo Wrestler who must Overcome a Boy in The Gulf of Mexico",2
"PANTHER REDS","A Brilliant Panorama of a Moose And a Man who must Reach a Teacher in The Gulf of Mexico",2
"PAPI NECKLACE","A Fanciful Display of a Car And a Monkey who must Escape a Squirrel in Ancient Japan",2
"PARADISE SABRINA","A Intrepid Yarn of a Car And a Moose who must Outrace a Crocodile in A Manhattan Penthouse",2
"PARIS WEEKEND","A Intrepid Story of a Squirrel And a Crocodile who must Defeat a Monkey in The Outback",2
"PARK CITIZEN","A Taut Epistle of a Sumo Wrestler And a Girl who must Face a Husband in Ancient Japan",2
"PARTY KNOCK","A Fateful Display of a Technical Writer And a Butler who must Battle a Sumo Wrestler in An Abandoned Mine Shaft",2
"PATHS CONTROL","A Astounding Documentary of a Butler And a Cat who must Find a Frisbee in Ancient China",2
"PATIENT SISTER","A Emotional Epistle of a Squirrel And a Robot who must Confront a Lumberjack in Soviet Georgia",2
"PATRIOT ROMAN","A Taut Saga of a Robot And a Database Administrator who must Challenge a Astronaut in California",2
"PATTON INTERVIEW","A Thrilling Documentary of a Composer And a Secret Agent who must Succumb a Cat in Berlin",2
"PAYCHECK WAIT","A Awe-Inspiring Reflection of a Boy And a Man who must Discover a Moose in The Sahara Desert",2
"PEACH INNOCENT","A Action-Packed Drama of a Monkey And a Dentist who must Chase a Butler in Berlin",2
"PEAK FOREVER","A Insightful Reflection of a Boat And a Secret Agent who must Vanquish a Astronaut in An Abandoned Mine Shaft",2
"PELICAN COMFORTS","A Epic Documentary of a Boy And a Monkey who must Pursue a Astronaut in Berlin",2
"PERFECT GROOVE","A Thrilling Yarn of a Dog And a Dog who must Build a Husband in A Baloon",2
"PERSONAL LADYBUGS","A Epic Saga of a Hunter And a Technical Writer who must Conquer a Cat in Ancient Japan",2
"PHILADELPHIA WIFE","A Taut Yarn of a Hunter And a Astronaut who must Conquer a Database Administrator in The Sahara Desert",2
"PIANIST OUTFIELD","A Intrepid Story of a Boy And a Technical Writer who must Pursue a Lumberjack in A Monastery",2
"PILOT HOOSIERS","A Awe-Inspiring Reflection of a Crocodile And a Sumo Wrestler who must Meet a Forensic Psychologist in An Abandoned Mine Shaft",2
"PINOCCHIO SIMON","A Action-Packed Reflection of a Mad Scientist And a A Shark who must Find a Feminist in California",2
"PIRATES ROXANNE","A Stunning Drama of a Woman And a Lumberjack who must Overcome a A Shark in The Canadian Rockies",2
"PITY BOUND","A Boring Panorama of a Feminist And a Moose who must Defeat a Database Administrator in Nigeria",2
"PIZZA JUMANJI","A Epic Saga of a Cat And a Squirrel who must Outgun a Robot in A U-Boat",2
"PLATOON INSTINCT","A Thrilling Panorama of a Man And a Woman who must Reach a Woman in Australia",2
"POCUS PULP","A Intrepid Yarn of a Frisbee And a Dog who must Build a Astronaut in A Baloon Factory",2
"POLISH BROOKLYN","A Boring Character Study of a Database Administrator And a Lumberjack who must Reach a Madman in The Outback",2
"POLLOCK DELIVERANCE","A Intrepid Story of a Madman And a Frisbee who must Outgun a Boat in The Sahara Desert",2
"POND SEATTLE","A Stunning Drama of a Teacher And a Boat who must Battle a Feminist in Ancient China",2
"POSEIDON FOREVER","A Thoughtful Epistle of a Womanizer And a Monkey who must Vanquish a Dentist in A Monastery",2
"POTLUCK MIXED","A Beautiful Story of a Dog And a Technical Writer who must Outgun a Student in A Baloon",2
"POTTER CONNECTICUT","A Thrilling Epistle of a Frisbee And a Cat who must Fight a Technical Writer in Berlin",2
"PREJUDICE OLEANDER","A Epic Saga of a Boy And a Dentist who must Outrace a Madman in A U-Boat",2
"PRIDE ALAMO","A Thoughtful Drama of a A Shark And a Forensic Psychologist who must Vanquish a Student in Ancient India",2
"PRIMARY GLASS","A Fateful Documentary of a Pastry Chef And a Butler who must Build a Dog in The Canadian Rockies",2
"PRINCESS GIANT","A Thrilling Yarn of a Pastry Chef And a Monkey who must Battle a Monkey in A Shark Tank",2
"PRIX UNDEFEATED","A Stunning Saga of a Mad Scientist And a Boat who must Overcome a Dentist in Ancient China",2
"PULP BEVERLY","A Unbelieveable Display of a Dog And a Crocodile who must Outrace a Man in Nigeria",2
"PUNK DIVORCE","A Fast-Paced Tale of a Pastry Chef And a Boat who must Face a Frisbee in The Canadian Rockies",2
"PURE RUNNER","A Thoughtful Documentary of a Student And a Madman who must Challenge a Squirrel in A Manhattan Penthouse",2
"QUEEN LUKE","A Astounding Story of a Girl And a Boy who must Challenge a Composer in New Orleans",2
"QUEST MUSSOLINI","A Fateful Drama of a Husband And a Sumo Wrestler who must Battle a Pastry Chef in A Baloon Factory",2
"QUILLS BULL","A Thoughtful Story of a Pioneer And a Woman who must Reach a Moose in Australia",2
"RACER EGG","A Emotional Display of a Monkey And a Waitress who must Reach a Secret Agent in California",2
"RAGE GAMES","A Fast-Paced Saga of a Astronaut And a Secret Agent who must Escape a Hunter in An Abandoned Amusement Park",2
"RAGING AIRPLANE","A Astounding Display of a Secret Agent And a Technical Writer who must Escape a Mad Scientist in A Jet Boat",2
"RANDOM GO","A Fateful Drama of a Frisbee And a Student who must Confront a Cat in A Shark Tank",2
"RANGE MOONWALKER","A Insightful Documentary of a Hunter And a Dentist who must Confront a Crocodile in A Baloon",2
"REAP UNFAITHFUL","A Thrilling Epistle of a Composer And a Sumo Wrestler who must Challenge a Mad Cow in A MySQL Convention",2
"REAR TRADING","A Awe-Inspiring Reflection of a Forensic Psychologist And a Secret Agent who must Succumb a Pastry Chef in Soviet Georgia",2
"REBEL AIRPORT","A Intrepid Yarn of a Database Administrator And a Boat who must Outrace a Husband in Ancient India",2
"REDEMPTION COMFORTS","A Emotional Documentary of a Dentist And a Woman who must Battle a Mad Scientist in Ancient China",2
"REEF SALUTE","A Action-Packed Saga of a Teacher And a Lumberjack who must Battle a Dentist in A Baloon",2
"REIGN GENTLEMEN","A Emotional Yarn of a Composer And a Man who must Escape a Butler in The Gulf of Mexico",2
"REMEMBER DIARY","A Insightful Tale of a Technical Writer And a Waitress who must Conquer a Monkey in Ancient India",2
"REQUIEM TYCOON","A Unbelieveable Character Study of a Cat And a Database Administrator who must Pursue a Teacher in A Monastery",2
"RESERVOIR ADAPTATION","A Intrepid Drama of a Teacher And a Moose who must Kill a Car in California",2
"RESURRECTION SILVERADO","A Epic Yarn of a Robot And a Explorer who must Challenge a Girl in A MySQL Convention",2
"REUNION WITCHES","A Unbelieveable Documentary of a Database Administrator And a Frisbee who must Redeem a Mad Scientist in A Baloon Factory",2
"RIDER CADDYSHACK","A Taut Reflection of a Monkey And a Womanizer who must Chase a Moose in Nigeria",2
"RIDGEMONT SUBMARINE","A Unbelieveable Drama of a Waitress And a Composer who must Sink a Mad Cow in Ancient Japan",2
"RIGHT CRANES","A Fateful Character Study of a Boat And a Cat who must Find a Database Administrator in A Jet Boat",2
"RIVER OUTLAW","A Thrilling Character Study of a Squirrel And a Lumberjack who must Face a Hunter in A MySQL Convention",2
"ROAD ROXANNE","A Boring Character Study of a Waitress And a Astronaut who must Fight a Crocodile in Ancient Japan",2
"ROBBERS JOON","A Thoughtful Story of a Mad Scientist And a Waitress who must Confront a Forensic Psychologist in Soviet Georgia",2
"ROCK INSTINCT","A Astounding Character Study of a Robot And a Moose who must Overcome a Astronaut in Ancient India",2
"ROCKETEER MOTHER","A Awe-Inspiring Character Study of a Robot And a Sumo Wrestler who must Discover a Womanizer in A Shark Tank",2
"ROCKY WAR","A Fast-Paced Display of a Squirrel And a Explorer who must Outgun a Mad Scientist in Nigeria",2
"ROLLERCOASTER BRINGING","A Beautiful Drama of a Robot And a Lumberjack who must Discover a Technical Writer in A Shark Tank",2
"ROMAN PUNK","A Thoughtful Panorama of a Mad Cow And a Student who must Battle a Forensic Psychologist in Berlin",2
"ROOM ROMAN","A Awe-Inspiring Panorama of a Composer And a Secret Agent who must Sink a Composer in A Shark Tank",2
"ROOTS REMEMBER","A Brilliant Drama of a Mad Cow And a Hunter who must Escape a Hunter in Berlin",2
"ROSES TREASURE","A Astounding Panorama of a Monkey And a Secret Agent who must Defeat a Woman in The First Manned Space Station",2
"ROUGE SQUAD","A Awe-Inspiring Drama of a Astronaut And a Frisbee who must Conquer a Mad Scientist in Australia",2
"ROXANNE REBEL","A Astounding Story of a Pastry Chef And a Database Administrator who must Fight a Man in The Outback",2
"RUGRATS SHAKESPEARE","A Touching Saga of a Crocodile And a Crocodile who must Discover a Technical Writer in Nigeria",2
"RULES HUMAN","A Beautiful Epistle of a Astronaut And a Student who must Confront a Monkey in An Abandoned Fun House",2
"RUNAWAY TENENBAUMS","A Thoughtful Documentary of a Boat And a Man who must Meet a Boat in An Abandoned Fun House",2
"RUNNER MADIGAN","A Thoughtful Documentary of a Crocodile And a Robot who must Outrace a Womanizer in The Outback",2
"RUSH GOODFELLAS","A Emotional Display of a Man And a Dentist who must Challenge a Squirrel in Australia",2
"RUSHMORE MERMAID","A Boring Story of a Woman And a Moose who must Reach a Husband in A Shark Tank",2
"SABRINA MIDNIGHT","A Emotional Story of a Squirrel And a Crocodile who must Succumb a Husband in The Sahara Desert",2
"SADDLE ANTITRUST","A Stunning Epistle of a Feminist And a A Shark who must Battle a Woman in An Abandoned Fun House",2
"SAGEBRUSH CLUELESS","A Insightful Story of a Lumberjack And a Hunter who must Kill a Boy in Ancient Japan",2
"SAINTS BRIDE","A Fateful Tale of a Technical Writer And a Composer who must Pursue a Explorer in The Gulf of Mexico",2
"SALUTE APOLLO","A Awe-Inspiring Character Study of a Boy And a Feminist who must Sink a Crocodile in Ancient China",2
"SAMURAI LION","A Fast-Paced Story of a Pioneer And a Astronaut who must Reach a Boat in A Baloon",2
"SANTA PARIS","A Emotional Documentary of a Moose And a Car who must Redeem a Mad Cow in A Baloon Factory",2
"SASSY PACKER","A Fast-Paced Documentary of a Dog And a Teacher who must Find a Moose in A Manhattan Penthouse",2
"SATISFACTION CONFIDENTIAL","A Lacklusture Yarn of a Dentist And a Butler who must Meet a Secret Agent in Ancient China",2
"SATURDAY LAMBS","A Thoughtful Reflection of a Mad Scientist And a Moose who must Kill a Husband in A Baloon",2
"SCALAWAG DUCK","A Fateful Reflection of a Car And a Teacher who must Confront a Waitress in A Monastery",2
"SCARFACE BANG","A Emotional Yarn of a Teacher And a Girl who must Find a Teacher in A Baloon Factory",2
"SCHOOL JACKET","A Intrepid Yarn of a Monkey And a Boy who must Fight a Composer in A Manhattan Penthouse",2
"SCISSORHANDS SLUMS","A Awe-Inspiring Drama of a Girl And a Technical Writer who must Meet a Feminist in The Canadian Rockies",2
"SCORPION APOLLO","A Awe-Inspiring Documentary of a Technical Writer And a Husband who must Meet a Monkey in An Abandoned Fun House",2
"SEA VIRGIN","A Fast-Paced Documentary of a Technical Writer And a Pastry Chef who must Escape a Moose in A U-Boat",2
"SEABISCUIT PUNK","A Insightful Saga of a Man And a Forensic Psychologist who must Discover a Mad Cow in A MySQL Convention",2
"SEATTLE EXPECATIONS","A Insightful Reflection of a Crocodile And a Sumo Wrestler who must Meet a Technical Writer in The Sahara Desert",2
"SECRET GROUNDHOG","A Astounding Story of a Cat And a Database Administrator who must Build a Technical Writer in New Orleans",2
"SECRETARY ROUGE","A Action-Packed Panorama of a Mad Cow And a Composer who must Discover a Robot in A Baloon Factory",2
"SECRETS PARADISE","A Fateful Saga of a Cat And a Frisbee who must Kill a Girl in A Manhattan Penthouse",2
"SENSE GREEK","A Taut Saga of a Lumberjack And a Pastry Chef who must Escape a Sumo Wrestler in An Abandoned Fun House",2
"SENSIBILITY REAR","A Emotional Tale of a Robot And a Sumo Wrestler who must Redeem a Pastry Chef in A Baloon Factory",2
"SEVEN SWARM","A Unbelieveable Character Study of a Dog And a Mad Cow who must Kill a Monkey in Berlin",2
"SHAKESPEARE SADDLE","A Fast-Paced Panorama of a Lumberjack And a Database Administrator who must Defeat a Madman in A MySQL Convention",2
"SHANGHAI TYCOON","A Fast-Paced Character Study of a Crocodile And a Lumberjack who must Build a Husband in An Abandoned Fun House",2
"SHAWSHANK BUBBLE","A Lacklusture Story of a Moose And a Monkey who must Confront a Butler in An Abandoned Amusement Park",2
"SHEPHERD MIDSUMMER","A Thoughtful Drama of a Robot And a Womanizer who must Kill a Lumberjack in A Baloon",2
"SHIP WONDERLAND","A Thrilling Saga of a Monkey And a Frisbee who must Escape a Explorer in The Outback",2
"SHOCK CABIN","A Fateful Tale of a Mad Cow And a Crocodile who must Meet a Husband in New Orleans",2
"SHOOTIST SUPERFLY","A Fast-Paced Story of a Crocodile And a A Shark who must Sink a Pioneer in Berlin",2
"SHOW LORD","A Fanciful Saga of a Student And a Girl who must Find a Butler in Ancient Japan",2
"SHREK LICENSE","A Fateful Yarn of a Secret Agent And a Feminist who must Find a Feminist in A Jet Boat",2
"SIDE ARK","A Stunning Panorama of a Crocodile And a Womanizer who must Meet a Feminist in The Canadian Rockies",2
"SIERRA DIVIDE","A Emotional Character Study of a Frisbee And a Mad Scientist who must Build a Madman in California",2
"SILENCE KANE","A Emotional Drama of a Sumo Wrestler And a Dentist who must Confront a Sumo Wrestler in A Baloon",2
"SILVERADO GOLDFINGER","A Stunning Epistle of a Sumo Wrestler And a Man who must Challenge a Waitress in Ancient India",2
"SINNERS ATLANTIS","A Epic Display of a Dog And a Boat who must Succumb a Mad Scientist in An Abandoned Mine Shaft",2
"SLACKER LIAISONS","A Fast-Paced Tale of a A Shark And a Student who must Meet a Crocodile in Ancient China",2
"SLEEPING SUSPECTS","A Stunning Reflection of a Sumo Wrestler And a Explorer who must Sink a Frisbee in A MySQL Convention",2
"SLEEPLESS MONSOON","A Amazing Saga of a Moose And a Pastry Chef who must Escape a Butler in Australia",2
"SLEEPY JAPANESE","A Emotional Epistle of a Moose And a Composer who must Fight a Technical Writer in The Outback",2
"SLEUTH ORIENT","A Fateful Character Study of a Husband And a Dog who must Find a Feminist in Ancient India",2
"SLING LUKE","A Intrepid Character Study of a Robot And a Monkey who must Reach a Secret Agent in An Abandoned Amusement Park",2
"SLIPPER FIDELITY","A Taut Reflection of a Secret Agent And a Man who must Redeem a Explorer in A MySQL Convention",2
"SLUMS DUCK","A Amazing Character Study of a Teacher And a Database Administrator who must Defeat a Waitress in A Jet Boat",2
"SMOKING BARBARELLA","A Lacklusture Saga of a Mad Cow And a Mad Scientist who must Sink a Cat in A MySQL Convention",2
"SMOOCHY CONTROL","A Thrilling Documentary of a Husband And a Feminist who must Face a Mad Scientist in Ancient China",2
"SNATCH SLIPPER","A Insightful Panorama of a Woman And a Feminist who must Defeat a Forensic Psychologist in Berlin",2
"SNOWMAN ROLLERCOASTER","A Fateful Display of a Lumberjack And a Girl who must Succumb a Mad Cow in A Manhattan Penthouse",2
"SOMETHING DUCK","A Boring Character Study of a Car And a Husband who must Outgun a Frisbee in The First Manned Space Station",2
"SONS INTERVIEW","A Taut Character Study of a Explorer And a Mad Cow who must Battle a Hunter in Ancient China",2
"SORORITY QUEEN","A Fast-Paced Display of a Squirrel And a Composer who must Fight a Forensic Psychologist in A Jet Boat",2
"SOUP WISDOM","A Fast-Paced Display of a Robot And a Butler who must Defeat a Butler in A MySQL Convention",2
"SOUTH WAIT","A Amazing Documentary of a Car And a Robot who must Escape a Lumberjack in An Abandoned Amusement Park",2
"SPARTACUS CHEAPER","A Thrilling Panorama of a Pastry Chef And a Secret Agent who must Overcome a Student in A Manhattan Penthouse",2
"SPEED SUIT","A Brilliant Display of a Frisbee And a Mad Scientist who must Succumb a Robot in Ancient China",2
"SPICE SORORITY","A Fateful Display of a Pioneer And a Hunter who must Defeat a Husband in An Abandoned Mine Shaft",2
"SPIKING ELEMENT","A Lacklusture Epistle of a Dentist And a Technical Writer who must Find a Dog in A Monastery",2
"SPINAL ROCKY","A Lacklusture Epistle of a Sumo Wrestler And a Squirrel who must Defeat a Explorer in California",2
"SPIRIT FLINTSTONES","A Brilliant Yarn of a Cat And a Car who must Confront a Explorer in Ancient Japan",2
"SPLENDOR PATTON","A Taut Story of a Dog And a Explorer who must Find a Astronaut in Berlin",2
"SPOILERS HELLFIGHTERS","A Fanciful Story of a Technical Writer And a Squirrel who must Defeat a Dog in The Gulf of Mexico",2
"SPY MILE","A Thrilling Documentary of a Feminist And a Feminist who must Confront a Feminist in A Baloon",2
"STAGE WORLD","A Lacklusture Panorama of a Woman And a Frisbee who must Chase a Crocodile in A Jet Boat",2
"STAGECOACH ARMAGEDDON","A Touching Display of a Pioneer And a Butler who must Chase a Car in California",2
"STALLION SUNDANCE","A Fast-Paced Tale of a Car And a Dog who must Outgun a A Shark in Australia",2
"STAR OPERATION","A Insightful Character Study of a Girl And a Car who must Pursue a Mad Cow in A Shark Tank",2
"STATE WASTELAND","A Beautiful Display of a Cat And a Pastry Chef who must Outrace a Mad Cow in A Jet Boat",2
"STEEL SANTA","A Fast-Paced Yarn of a Composer And a Frisbee who must Face a Moose in Nigeria",2
"STEERS ARMAGEDDON","A Stunning Character Study of a Car And a Girl who must Succumb a Car in A MySQL Convention",2
"STEPMOM DREAM","A Touching Epistle of a Crocodile And a Teacher who must Build a Forensic Psychologist in A MySQL Convention",2
"STING PERSONAL","A Fanciful Drama of a Frisbee And a Dog who must Fight a Madman in A Jet Boat",2
"STOCK GLASS","A Boring Epistle of a Crocodile And a Lumberjack who must Outgun a Moose in Ancient China",2
"STORM HAPPINESS","A Insightful Drama of a Feminist And a A Shark who must Vanquish a Boat in A Shark Tank",2
"STORY SIDE","A Lacklusture Saga of a Boy And a Cat who must Sink a Dentist in An Abandoned Mine Shaft",2
"STRAIGHT HOURS","A Boring Panorama of a Secret Agent And a Girl who must Sink a Waitress in The Outback",2
"STRANGELOVE DESIRE","A Awe-Inspiring Panorama of a Lumberjack And a Waitress who must Defeat a Crocodile in An Abandoned Amusement Park",2
"STRANGERS GRAFFITI","A Brilliant Character Study of a Secret Agent And a Man who must Find a Cat in The Gulf of Mexico",2
"STREAK RIDGEMONT","A Astounding Character Study of a Hunter And a Waitress who must Sink a Man in New Orleans",2
"STREETCAR INTENTIONS","A Insightful Character Study of a Waitress And a Crocodile who must Sink a Waitress in The Gulf of Mexico",2
"STRICTLY SCARFACE","A Touching Reflection of a Crocodile And a Dog who must Chase a Hunter in An Abandoned Fun House",2
"SUBMARINE BED","A Amazing Display of a Car And a Monkey who must Fight a Teacher in Soviet Georgia",2
"SUGAR WONKA","A Touching Story of a Dentist And a Database Administrator who must Conquer a Astronaut in An Abandoned Amusement Park",2
"SUIT WALLS","A Touching Panorama of a Lumberjack And a Frisbee who must Build a Dog in Australia",2
"SUMMER SCARFACE","A Emotional Panorama of a Lumberjack And a Hunter who must Meet a Girl in A Shark Tank",2
"SUN CONFESSIONS","A Beautiful Display of a Mad Cow And a Dog who must Redeem a Waitress in An Abandoned Amusement Park",2
"SUNDANCE INVASION","A Epic Drama of a Lumberjack And a Explorer who must Confront a Hunter in A Baloon Factory",2
"SUNRISE LEAGUE","A Beautiful Epistle of a Madman And a Butler who must Face a Crocodile in A Manhattan Penthouse",2
"SUNSET RACER","A Awe-Inspiring Reflection of a Astronaut And a A Shark who must Defeat a Forensic Psychologist in California",2
"SUSPECTS QUILLS","A Emotional Epistle of a Pioneer And a Crocodile who must Battle a Man in A Manhattan Penthouse",2
"SWARM GOLD","A Insightful Panorama of a Crocodile And a Boat who must Conquer a Sumo Wrestler in A MySQL Convention",2
"SWEDEN SHINING","A Taut Documentary of a Car And a Robot who must Conquer a Boy in The Canadian Rockies",2
"SWEET BROTHERHOOD","A Unbelieveable Epistle of a Sumo Wrestler And a Hunter who must Chase a Forensic Psychologist in A Baloon",2
"SWEETHEARTS SUSPECTS","A Brilliant Character Study of a Frisbee And a Sumo Wrestler who must Confront a Woman in The Gulf of Mexico",2
"TALENTED HOMICIDE","A Lacklusture Panorama of a Dentist And a Forensic Psychologist who must Outrace a Pioneer in A U-Boat",2
"TAXI KICK","A Amazing Epistle of a Girl And a Woman who must Outrace a Waitress in Soviet Georgia",2
"TEEN APOLLO","A Awe-Inspiring Drama of a Dog And a Man who must Escape a Robot in A Shark Tank",2
"TELEGRAPH VOYAGE","A Fateful Yarn of a Husband And a Dog who must Battle a Waitress in A Jet Boat",2
"TELEMARK HEARTBREAKERS","A Action-Packed Panorama of a Technical Writer And a Man who must Build a Forensic Psychologist in A Manhattan Penthouse",2
"TEMPLE ATTRACTION","A Action-Packed Saga of a Forensic Psychologist And a Woman who must Battle a Womanizer in Soviet Georgia",2
"TEQUILA PAST","A Action-Packed Panorama of a Mad Scientist And a Robot who must Challenge a Student in Nigeria",2
"TERMINATOR CLUB","A Touching Story of a Crocodile And a Girl who must Sink a Man in The Gulf of Mexico",2
"THIEF PELICAN","A Touching Documentary of a Madman And a Mad Scientist who must Outrace a Feminist in An Abandoned Mine Shaft",2
"TIGHTS DAWN","A Thrilling Epistle of a Boat And a Secret Agent who must Face a Boy in A Baloon",2
"TIMBERLAND SKY","A Boring Display of a Man And a Dog who must Redeem a Girl in A U-Boat",2
"TITANIC BOONDOCK","A Brilliant Reflection of a Feminist And a Dog who must Fight a Boy in A Baloon Factory",2
"TITANS JERK","A Unbelieveable Panorama of a Feminist And a Sumo Wrestler who must Challenge a Technical Writer in Ancient China",2
"TOMATOES HELLFIGHTERS","A Thoughtful Epistle of a Madman And a Astronaut who must Overcome a Monkey in A Shark Tank",2
"TOMORROW HUSTLER","A Thoughtful Story of a Moose And a Husband who must Face a Secret Agent in The Sahara Desert",2
"TOOTSIE PILOT","A Awe-Inspiring Documentary of a Womanizer And a Pastry Chef who must Kill a Lumberjack in Berlin",2
"TORQUE BOUND","A Emotional Display of a Crocodile And a Husband who must Reach a Man in Ancient Japan",2
"TOURIST PELICAN","A Boring Story of a Butler And a Astronaut who must Outrace a Pioneer in Australia",2
"TOWN ARK","A Awe-Inspiring Documentary of a Moose And a Madman who must Meet a Dog in An Abandoned Mine Shaft",2
"TRACY CIDER","A Touching Reflection of a Database Administrator And a Madman who must Build a Lumberjack in Nigeria",2
"TRADING PINOCCHIO","A Emotional Character Study of a Student And a Explorer who must Discover a Frisbee in The First Manned Space Station",2
"TRAFFIC HOBBIT","A Amazing Epistle of a Squirrel And a Lumberjack who must Succumb a Database Administrator in A U-Boat",2
"TRAMP OTHERS","A Brilliant Display of a Composer And a Cat who must Succumb a A Shark in Ancient India",2
"TRAP GUYS","A Unbelieveable Story of a Boy And a Mad Cow who must Challenge a Database Administrator in The Sahara Desert",2
"TREATMENT JEKYLL","A Boring Story of a Teacher And a Student who must Outgun a Cat in An Abandoned Mine Shaft",2
"TRIP NEWTON","A Fanciful Character Study of a Lumberjack And a Car who must Discover a Cat in An Abandoned Amusement Park",2
"TROJAN TOMORROW","A Astounding Panorama of a Husband And a Sumo Wrestler who must Pursue a Boat in Ancient India",2
"TROOPERS METAL","A Fanciful Drama of a Monkey And a Feminist who must Sink a Man in Berlin",2
"TROUBLE DATE","A Lacklusture Panorama of a Forensic Psychologist And a Woman who must Kill a Explorer in Ancient Japan",2
"TRUMAN CRAZY","A Thrilling Epistle of a Moose And a Boy who must Meet a Database Administrator in A Monastery",2
"TURN STAR","A Stunning Tale of a Man And a Monkey who must Chase a Student in New Orleans",2
"TUXEDO MILE","A Boring Drama of a Man And a Forensic Psychologist who must Face a Frisbee in Ancient India",2
"TWISTED PIRATES","A Touching Display of a Frisbee And a Boat who must Kill a Girl in A MySQL Convention",2
"UNBREAKABLE KARATE","A Amazing Character Study of a Robot And a Student who must Chase a Robot in Australia",2
"UNCUT SUICIDES","A Intrepid Yarn of a Explorer And a Pastry Chef who must Pursue a Mad Cow in A U-Boat",2
"UNDEFEATED DALMATIONS","A Unbelieveable Display of a Crocodile And a Feminist who must Overcome a Moose in An Abandoned Amusement Park",2
"UNFAITHFUL KILL","A Taut Documentary of a Waitress And a Mad Scientist who must Battle a Technical Writer in New Orleans",2
"UNFORGIVEN ZOOLANDER","A Taut Epistle of a Monkey And a Sumo Wrestler who must Vanquish a A Shark in A Baloon Factory",2
"UNITED PILOT","A Fast-Paced Reflection of a Cat And a Mad Cow who must Fight a Car in The Sahara Desert",2
"UNTOUCHABLES SUNRISE","A Amazing Documentary of a Woman And a Astronaut who must Outrace a Teacher in An Abandoned Fun House",2
"VACATION BOONDOCK","A Fanciful Character Study of a Secret Agent And a Mad Scientist who must Reach a Teacher in Australia",2
"VALENTINE VANISHING","A Thrilling Display of a Husband And a Butler who must Reach a Pastry Chef in California",2
"VALLEY PACKER","A Astounding Documentary of a Astronaut And a Boy who must Outrace a Sumo Wrestler in Berlin",2
"VANILLA DAY","A Fast-Paced Saga of a Girl And a Forensic Psychologist who must Redeem a Girl in Nigeria",2
"VANISHED GARDEN","A Intrepid Character Study of a Squirrel And a A Shark who must Kill a Lumberjack in California",2
"VANISHING ROCKY","A Brilliant Reflection of a Man And a Woman who must Conquer a Pioneer in A MySQL Convention",2
"VARSITY TRIP","A Action-Packed Character Study of a Astronaut And a Explorer who must Reach a Monkey in A MySQL Convention",2
"VELVET TERMINATOR","A Lacklusture Tale of a Pastry Chef And a Technical Writer who must Confront a Crocodile in An Abandoned Amusement Park",2
"VERTIGO NORTHWEST","A Unbelieveable Display of a Mad Scientist And a Mad Scientist who must Outgun a Mad Cow in Ancient Japan",2
"VIDEOTAPE ARSENIC","A Lacklusture Display of a Girl And a Astronaut who must Succumb a Student in Australia",2
"VIETNAM SMOOCHY","A Lacklusture Display of a Butler And a Man who must Sink a Explorer in Soviet Georgia",2
"VIRGIN DAISY","A Awe-Inspiring Documentary of a Robot And a Mad Scientist who must Reach a Database Administrator in A Shark Tank",2
"VIRGINIAN PLUTO","A Emotional Panorama of a Dentist And a Crocodile who must Meet a Boy in Berlin",2
"VIRTUAL SPOILERS","A Fateful Tale of a Database Administrator And a Squirrel who must Discover a Student in Soviet Georgia",2
"VOICE PEACH","A Amazing Panorama of a Pioneer And a Student who must Overcome a Mad Scientist in A Manhattan Penthouse",2
"VOLCANO TEXAS","A Awe-Inspiring Yarn of a Hunter And a Feminist who must Challenge a Dentist in The Outback",2
"VOYAGE LEGALLY","A Epic Tale of a Squirrel And a Hunter who must Conquer a Boy in An Abandoned Mine Shaft",2
"WAIT CIDER","A Intrepid Epistle of a Woman And a Forensic Psychologist who must Succumb a Astronaut in A Manhattan Penthouse",2
"WAR NOTTING","A Boring Drama of a Teacher And a Sumo Wrestler who must Challenge a Secret Agent in The Canadian Rockies",2
"WARDROBE PHANTOM","A Action-Packed Display of a Mad Cow And a Astronaut who must Kill a Car in Ancient India",2
"WARS PLUTO","A Taut Reflection of a Teacher And a Database Administrator who must Chase a Madman in The Sahara Desert",2
"WASH HEAVENLY","A Awe-Inspiring Reflection of a Cat And a Pioneer who must Escape a Hunter in Ancient China",2
"WATCH TRACY","A Fast-Paced Yarn of a Dog And a Frisbee who must Conquer a Hunter in Nigeria",2
"WATERFRONT DELIVERANCE","A Unbelieveable Documentary of a Dentist And a Technical Writer who must Build a Womanizer in Nigeria",2
"WEDDING APOLLO","A Action-Packed Tale of a Student And a Waitress who must Conquer a Lumberjack in An Abandoned Mine Shaft",2
"WEEKEND PERSONAL","A Fast-Paced Documentary of a Car And a Butler who must Find a Frisbee in A Jet Boat",2
"WESTWARD SEABISCUIT","A Lacklusture Tale of a Butler And a Husband who must Face a Boy in Ancient China",2
"WHISPERER GIANT","A Intrepid Story of a Dentist And a Hunter who must Confront a Monkey in Ancient Japan",2
"WIFE TURN","A Awe-Inspiring Epistle of a Teacher And a Feminist who must Confront a Pioneer in Ancient Japan",2
"WILLOW TRACY","A Brilliant Panorama of a Boat And a Astronaut who must Challenge a Teacher in A Manhattan Penthouse",2
"WIND PHANTOM","A Touching Saga of a Madman And a Forensic Psychologist who must Build a Sumo Wrestler in An Abandoned Mine Shaft",2
"WINDOW SIDE","A Astounding Character Study of a Womanizer And a Hunter who must Escape a Robot in A Monastery",2
"WITCHES PANIC","A Awe-Inspiring Drama of a Secret Agent And a Hunter who must Fight a Moose in Nigeria",2
"WIZARD COLDBLOODED","A Lacklusture Display of a Robot And a Girl who must Defeat a Sumo Wrestler in A MySQL Convention",2
"WOLVES DESIRE","A Fast-Paced Drama of a Squirrel And a Robot who must Succumb a Technical Writer in A Manhattan Penthouse",2
"WOMEN DORADO","A Insightful Documentary of a Waitress And a Butler who must Vanquish a Composer in Australia",2
"WONDERLAND CHRISTMAS","A Awe-Inspiring Character Study of a Waitress And a Car who must Pursue a Mad Scientist in The First Manned Space Station",2
"WONKA SEA","A Brilliant Saga of a Boat And a Mad Scientist who must Meet a Moose in Ancient India",2
"WORDS HUNTER","A Action-Packed Reflection of a Composer And a Mad Scientist who must Face a Pioneer in A MySQL Convention",2
"WORKER TARZAN","A Action-Packed Yarn of a Secret Agent And a Technical Writer who must Battle a Sumo Wrestler in The First Manned Space Station",2
"WORKING MICROCOSMOS","A Stunning Epistle of a Dentist And a Dog who must Kill a Madman in Ancient China",2
"WORLD LEATHERNECKS","A Unbelieveable Tale of a Pioneer And a Astronaut who must Overcome a Robot in An Abandoned Amusement Park",2
"WORST BANGER","A Thrilling Drama of a Madman And a Dentist who must Conquer a Boy in The Outback",2
"WRATH MILE","A Intrepid Reflection of a Technical Writer And a Hunter who must Defeat a Sumo Wrestler in A Monastery",2
"WRONG BEHAVIOR","A Emotional Saga of a Crocodile And a Sumo Wrestler who must Discover a Mad Cow in New Orleans",2
"YENTL IDAHO","A Amazing Display of a Robot And a Astronaut who must Fight a Womanizer in Berlin",2
"ZHIVAGO CORE","A Fateful Yarn of a Composer And a Man who must Face a Boy in The Canadian Rockies",2
"ZOOLANDER FICTION","A Fateful Reflection of a Waitress And a Boat who must Discover a Sumo Wrestler in Ancient China",2
"ZORRO ARK","A Intrepid Panorama of a Mad Scientist And a Boy who must Redeem a Boy in A Monastery",2
