title,special_features
"ACADEMY DINOSAUR","Deleted Scenes,Behind the Scenes"
"AFFAIR PREJUDICE","Commentaries,Behind the Scenes"
"ALAMO VIDEOTAPE","Commentaries,Behind the Scenes"
"ALI FOREVER","Deleted Scenes,Behind the Scenes"
"ALICE FANTASIA","Trailers,Deleted Scenes,Behind the Scenes"
"ALIEN CENTER","Trailers,Commentaries,Behind the Scenes"
"ALONE TRIP","Trailers,Behind the Scenes"
"ALTER VICTORY","Trailers,Behind the Scenes"
"AMADEUS HOLY","Commentaries,Deleted Scenes,Behind the Scenes"
"AMELIE HELLFIGHTERS","Commentaries,Deleted Scenes,Behind the Scenes"
"AMERICAN CIRCUS","Commentaries,Behind the Scenes"
"AMISTAD MIDSUMMER","Commentaries,Behind the Scenes"
"ANALYZE HOOSIERS","Trailers,Behind the Scenes"
"ANONYMOUS HUMAN","Deleted Scenes,Behind the Scenes"
"ANTHEM LUKE","Deleted Scenes,Behind the Scenes"
"ANYTHING SAVANNAH","Trailers,Deleted Scenes,Behind the Scenes"
"APACHE DIVINE","Commentaries,Deleted Scenes,Behind the Scenes"
"APOLLO TEEN","Trailers,Commentaries,Deleted Scenes,Behind the Scenes"
"ARACHNOPHOBIA ROLLERCOASTER","Trailers,Deleted Scenes,Behind the Scenes"
"ARK RIDGEMONT","Trailers,Commentaries,Deleted Scenes,Behind the Scenes"
"ARSENIC INDEPENDENCE","Trailers,Deleted Scenes,Behind the Scenes"
"ARTIST COLDBLOODED","Trailers,Behind the Scenes"
"ATLANTIS CAUSE","Behind the Scenes"
"ATTACKS HATE","Trailers,Behind the Scenes"
"ATTRACTION NEWTON","Trailers,Behind the Scenes"
"AUTUMN CROW","Trailers,Commentaries,Deleted Scenes,Behind the Scenes"
"BACKLASH UNDEFEATED","Trailers,Behind the Scenes"
"BADMAN DAWN","Trailers,Commentaries,Behind the Scenes"
"BAKED CLEOPATRA","Commentaries,Behind the Scenes"
"BANG KWAI","Commentaries,Deleted Scenes,Behind the Scenes"
"BARBARELLA STREETCAR","Behind the Scenes"
"BEACH HEARTBREAKERS","Deleted Scenes,Behind the Scenes"
"BEAST HUNCHBACK","Deleted Scenes,Behind the Scenes"
"BEDAZZLED MARRIED","Trailers,Deleted Scenes,Behind the Scenes"
"BEETHOVEN EXORCIST","Commentaries,Behind the Scenes"
"BEHAVIOR RUNAWAY","Trailers,Deleted Scenes,Behind the Scenes"
"BETRAYED REAR","Commentaries,Deleted Scenes,Behind the Scenes"
"BILKO ANONYMOUS","Commentaries,Deleted Scenes,Behind the Scenes"
"BIRD INDEPENDENCE","Commentaries,Behind the Scenes"
"BIRDCAGE CASPER","Commentaries,Deleted Scenes,Behind the Scenes"
"BIRDS PERDITION","Trailers,Behind the Scenes"
"BLADE POLISH","Trailers,Behind the Scenes"
"BLINDNESS GUN","Trailers,Behind the Scenes"
"BLOOD ARGONAUTS","Trailers,Commentaries,Behind the Scenes"
"BLUES INSTINCT","Trailers,Deleted Scenes,Behind the Scenes"
"BOOGIE AMELIE","Commentaries,Behind the Scenes"
"BOONDOCK BALLROOM","Behind the Scenes"
"BORROWERS BEDAZZLED","Commentaries,Deleted Scenes,Behind the Scenes"
"BOUND CHEAPER","Behind the Scenes"
"BRIDE INTRIGUE","Trailers,Commentaries,Behind the Scenes"
"BROTHERHOOD BLANKET","Behind the Scenes"
"BUBBLE GROSSE","Trailers,Commentaries,Deleted Scenes,Behind the Scenes"
"BUNCH MINDS","Behind the Scenes"
"BUTTERFLY CHOCOLAT","Behind the Scenes"
"CALENDAR GUNFIGHT","Trailers,Commentaries,Behind the Scenes"
"CAMELOT VACATION","Trailers,Commentaries,Deleted Scenes,Behind the Scenes"
"CAMPUS REMEMBER","Behind the Scenes"
"CANDIDATE PERDITION","Deleted Scenes,Behind the Scenes"
"CAROL TEXAS","Trailers,Behind the Scenes"
"CARRIE BUNCH","Trailers,Commentaries,Behind the Scenes"
"CASABLANCA SUPER","Trailers,Deleted Scenes,Behind the Scenes"
"CASSIDY WYOMING","Commentaries,Behind the Scenes"
"CATCH AMISTAD","Trailers,Behind the Scenes"
"CAUSE DATE","Commentaries,Deleted Scenes,Behind the Scenes"
"CELEBRITY HORN","Deleted Scenes,Behind the Scenes"
"CHAINSAW UPTOWN","Deleted Scenes,Behind the Scenes"
"CHANCE RESURRECTION","Commentaries,Deleted Scenes,Behind the Scenes"
"CHAPLIN LICENSE","Behind the Scenes"
"CHARADE DUFFEL","Trailers,Deleted Scenes,Behind the Scenes"
"CHARIOTS CONSPIRACY","Deleted Scenes,Behind the Scenes"
"CHEAPER CLYDE","Trailers,Commentaries,Behind the Scenes"
"CHICAGO NORTH","Deleted Scenes,Behind the Scenes"
"CHICKEN HELLFIGHTERS","Trailers,Commentaries,Deleted Scenes,Behind the Scenes"
"CHISUM BEHAVIOR","Trailers,Commentaries,Behind the Scenes"
"CHOCOLAT HARRY","Commentaries,Behind the Scenes"
"CHOCOLATE DUCK","Trailers,Commentaries,Behind the Scenes"
"CHRISTMAS MOONSHINE","Trailers,Commentaries,Behind the Scenes"
"CIDER DESIRE","Behind the Scenes"
"CIRCUS YOUTH","Trailers,Deleted Scenes,Behind the Scenes"
"CLEOPATRA DEVIL","Trailers,Deleted Scenes,Behind the Scenes"
"CLOCKWORK PARADISE","Trailers,Commentaries,Deleted Scenes,Behind the Scenes"
"CLONES PINOCCHIO","Behind the Scenes"
"CLOSER BANG","Trailers,Behind the Scenes"
"CLUE GRAIL","Trailers,Commentaries,Behind the Scenes"
"CLUELESS BUCKET","Trailers,Deleted Scenes,Behind the Scenes"
"CLYDE THEORY","Commentaries,Deleted Scenes,Behind the Scenes"
"COAST RAINBOW","Trailers,Commentaries,Deleted Scenes,Behind the Scenes"
"COLOR PHILADELPHIA","Commentaries,Behind the Scenes"
"COMANCHEROS ENEMY","Trailers,Behind the Scenes"
"COMFORTS RUSH","Commentaries,Behind the Scenes"
"COMMAND DARLING","Behind the Scenes"
"CONEHEADS SMOOCHY","Deleted Scenes,Behind the Scenes"
"CONFESSIONS MAGUIRE","Behind the Scenes"
"CONFUSED CANDLES","Trailers,Commentaries,Deleted Scenes,Behind the Scenes"
"CONGENIALITY QUEST","Commentaries,Behind the Scenes"
"CONNECTION MICROCOSMOS","Deleted Scenes,Behind the Scenes"
"CONQUERER NUTS","Commentaries,Deleted Scenes,Behind the Scenes"
"COWBOY DOOM","Commentaries,Deleted Scenes,Behind the Scenes"
"CRAFT OUTFIELD","Deleted Scenes,Behind the Scenes"
"CREEPERS KANE","Trailers,Behind the Scenes"
"CROOKED FROGMEN","Commentaries,Deleted Scenes,Behind the Scenes"
"CROSSING DIVORCE","Commentaries,Deleted Scenes,Behind the Scenes"
"CROSSROADS CASUALTIES","Trailers,Commentaries,Behind the Scenes"
"CROW GREASE","Trailers,Commentaries,Behind the Scenes"
"CROWDS TELEMARK","Trailers,Behind the Scenes"
"CRUELTY UNFORGIVEN","Deleted Scenes,Behind the Scenes"
"CUPBOARD SINNERS","Behind the Scenes"
"CURTAIN VIDEOTAPE","Trailers,Commentaries,Deleted Scenes,Behind the Scenes"
"DADDY PITTSBURGH","Deleted Scenes,Behind the Scenes"
"DAISY MENAGERIE","Trailers,Commentaries,Behind the Scenes"
"DANCES NONE","Trailers,Commentaries,Deleted Scenes,Behind the Scenes"
"DANCING FEVER","Commentaries,Behind the Scenes"
"DARES PLUTO","Commentaries,Behind the Scenes"
"DARKNESS WAR","Deleted Scenes,Behind the Scenes"
"DARKO DORADO","Trailers,Commentaries,Deleted Scenes,Behind the Scenes"
"DARLING BREAKING","Commentaries,Behind the Scenes"
"DAWN POND","Trailers,Deleted Scenes,Behind the Scenes"
"DAY UNFAITHFUL","Trailers,Commentaries,Deleted Scenes,Behind the Scenes"
"DECEIVER BETRAYED","Trailers,Commentaries,Deleted Scenes,Behind the Scenes"
"DEEP CRUSADE","Commentaries,Behind the Scenes"
"DESERT POSEIDON","Trailers,Behind the Scenes"
"DESTINATION JERK","Trailers,Commentaries,Behind the Scenes"
"DESTINY SATURDAY","Trailers,Commentaries,Behind the Scenes"
"DETECTIVE VISION","Trailers,Commentaries,Behind the Scenes"
"DEVIL DESIRE","Trailers,Behind the Scenes"
"DIARY PANIC","Commentaries,Behind the Scenes"
"DINOSAUR SECRETARY","Trailers,Behind the Scenes"
"DIRTY ACE","Commentaries,Deleted Scenes,Behind the Scenes"
"DISCIPLE MOTHER","Trailers,Deleted Scenes,Behind the Scenes"
"DISTURBING SCARFACE","Trailers,Behind the Scenes"
"DOCTOR GRAIL","Trailers,Commentaries,Behind the Scenes"
"DONNIE ALLEY","Trailers,Commentaries,Behind the Scenes"
"DOORS PRESIDENT","Trailers,Commentaries,Deleted Scenes,Behind the Scenes"
"DOUBLE WRATH","Trailers,Deleted Scenes,Behind the Scenes"
"DOUBTFIRE LABYRINTH","Deleted Scenes,Behind the Scenes"
"DOZEN LION","Commentaries,Deleted Scenes,Behind the Scenes"
"DRAGON SQUAD","Deleted Scenes,Behind the Scenes"
"DRAGONFLY STRANGERS","Trailers,Behind the Scenes"
"DREAM PICKUP","Trailers,Commentaries,Behind the Scenes"
"DRIFTER COMMANDMENTS","Trailers,Behind the Scenes"
"DRIVER ANNIE","Trailers,Deleted Scenes,Behind the Scenes"
"DRUMLINE CYCLONE","Commentaries,Deleted Scenes,Behind the Scenes"
"DUCK RACER","Behind the Scenes"
"DUMBO LUST","Behind the Scenes"
"DYING MAKER","Behind the Scenes"
"EAGLES PANKY","Trailers,Commentaries,Behind the Scenes"
"EARLY HOME","Trailers,Commentaries,Behind the Scenes"
"EARRING INSTINCT","Behind the Scenes"
"EASY GLADIATOR","Trailers,Commentaries,Behind the Scenes"
"EGG IGBY","Commentaries,Behind the Scenes"
"EGYPT TENENBAUMS","Commentaries,Deleted Scenes,Behind the Scenes"
"ELEMENT FREDDY","Commentaries,Behind the Scenes"
"ELEPHANT TROJAN","Behind the Scenes"
"ELF MURDER","Trailers,Commentaries,Behind the Scenes"
"ELIZABETH SHANE","Trailers,Deleted Scenes,Behind the Scenes"
"ENCINO ELF","Trailers,Behind the Scenes"
"ENDING CROWDS","Commentaries,Behind the Scenes"
"ENTRAPMENT SATISFACTION","Commentaries,Deleted Scenes,Behind the Scenes"
"EVOLUTION ALTER","Behind the Scenes"
"EXORCIST STING","Commentaries,Deleted Scenes,Behind the Scenes"
"EXPENDABLE STALLION","Trailers,Behind the Scenes"
"FALCON VOLUME","Commentaries,Behind the Scenes"
"FANTASY TROOPERS","Behind the Scenes"
"FATAL HAUNTED","Trailers,Behind the Scenes"
"FELLOWSHIP AUTUMN","Deleted Scenes,Behind the Scenes"
"FERRIS MOTHER","Trailers,Deleted Scenes,Behind the Scenes"
"FEUD FROGMEN","Trailers,Commentaries,Deleted Scenes,Behind the Scenes"
"FICTION CHRISTMAS","Trailers,Commentaries,Deleted Scenes,Behind the Scenes"
"FIDDLER LOST","Deleted Scenes,Behind the Scenes"
"FIDELITY DEVIL","Trailers,Deleted Scenes,Behind the Scenes"
"FIGHT JAWBREAKER","Trailers,Commentaries,Deleted Scenes,Behind the Scenes"
"FIREBALL PHILADELPHIA","Trailers,Commentaries,Behind the Scenes"
"FISH OPUS","Trailers,Deleted Scenes,Behind the Scenes"
"FLASH WARS","Trailers,Commentaries,Behind the Scenes"
"FLINTSTONES HAPPINESS","Trailers,Commentaries,Deleted Scenes,Behind the Scenes"
"FLOATS GARDEN","Trailers,Commentaries,Behind the Scenes"
"FLYING HOOK","Trailers,Commentaries,Behind the Scenes"
"FOREVER CANDIDATE","Commentaries,Deleted Scenes,Behind the Scenes"
"FORRESTER COMANCHEROS","Trailers,Behind the Scenes"
"FORWARD TEMPLE","Trailers,Commentaries,Behind the Scenes"
"FRANKENSTEIN STRANGER","Deleted Scenes,Behind the Scenes"
"FREAKY POCUS","Trailers,Behind the Scenes"
"FREDDY STORM","Trailers,Commentaries,Behind the Scenes"
"FREEDOM CLEOPATRA","Trailers,Commentaries,Behind the Scenes"
"FRENCH HOLIDAY","Behind the Scenes"
"FRISCO FORREST","Commentaries,Deleted Scenes,Behind the Scenes"
"FROGMEN BREAKING","Trailers,Deleted Scenes,Behind the Scenes"
"GAMES BOWFINGER","Behind the Scenes"
"GANGS PRIDE","Behind the Scenes"
"GARDEN ISLAND","Trailers,Behind the Scenes"
"GATHERING CALENDAR","Commentaries,Behind the Scenes"
"GHOST GROUNDHOG","Trailers,Commentaries,Deleted Scenes,Behind the Scenes"
"GHOSTBUSTERS ELF","Trailers,Deleted Scenes,Behind the Scenes"
"GILMORE BOILED","Trailers,Behind the Scenes"
"GLORY TRACY","Trailers,Commentaries,Behind the Scenes"
"GOLD RIVER","Trailers,Commentaries,Deleted Scenes,Behind the Scenes"
"GOLDFINGER SENSIBILITY","Trailers,Commentaries,Behind the Scenes"
"GOLDMINE TYCOON","Trailers,Behind the Scenes"
"GONE TROUBLE","Deleted Scenes,Behind the Scenes"
"GORGEOUS BINGO","Deleted Scenes,Behind the Scenes"
"GRADUATE LORD","Trailers,Behind the Scenes"
"GRAIL FRANKENSTEIN","Commentaries,Deleted Scenes,Behind the Scenes"
"GRAPES FURY","Commentaries,Behind the Scenes"
"GREATEST NORTH","Trailers,Commentaries,Behind the Scenes"
"GROOVE FICTION","Behind the Scenes"
"GROSSE WONDERFUL","Behind the Scenes"
"GROUNDHOG UNCUT","Trailers,Commentaries,Deleted Scenes,Behind the Scenes"
"GUN BONNIE","Behind the Scenes"
"GUNFIGHT MOON","Deleted Scenes,Behind the Scenes"
"GUYS FALCON","Trailers,Commentaries,Behind the Scenes"
"HALF OUTFIELD","Trailers,Commentaries,Deleted Scenes,Behind the Scenes"
"HALL CASSIDY","Commentaries,Behind the Scenes"
"HANDICAP BOONDOCK","Commentaries,Deleted Scenes,Behind the Scenes"
"HANOVER GALAXY","Commentaries,Deleted Scenes,Behind the Scenes"
"HARDLY ROBBERS","Trailers,Behind the Scenes"
"HAROLD FRENCH","Commentaries,Deleted Scenes,Behind the Scenes"
"HATE HANDICAP","Trailers,Commentaries,Behind the Scenes"
"HAUNTING PIANIST","Behind the Scenes"
"HAWK CHILL","Behind the Scenes"
"HEAVENLY GUN","Behind the Scenes"
"HEDWIG ALTER","Trailers,Commentaries,Behind the Scenes"
"HELLFIGHTERS SIERRA","Deleted Scenes,Behind the Scenes"
"HIGH ENCINO","Trailers,Commentaries,Behind the Scenes"
"HILLS NEIGHBORS","Trailers,Commentaries,Deleted Scenes,Behind the Scenes"
"HOCUS FRIDA","Trailers,Deleted Scenes,Behind the Scenes"
"HOLES BRANNIGAN","Commentaries,Behind the Scenes"
"HOLIDAY GAMES","Trailers,Commentaries,Behind the Scenes"
"HOLLOW JEOPARDY","Behind the Scenes"
"HOLLYWOOD ANONYMOUS","Trailers,Behind the Scenes"
"HOLY TADPOLE","Behind the Scenes"
"HOME PITY","Trailers,Commentaries,Behind the Scenes"
"HOOK CHARIOTS","Trailers,Commentaries,Behind the Scenes"
"HOPE TOOTSIE","Trailers,Deleted Scenes,Behind the Scenes"
"HORROR REIGN","Deleted Scenes,Behind the Scenes"
"HOTEL HAPPINESS","Behind the Scenes"
"HOUSE DYNAMITE","Commentaries,Deleted Scenes,Behind the Scenes"
"HUMAN GRAFFITI","Trailers,Behind the Scenes"
"HUNGER ROOF","Deleted Scenes,Behind the Scenes"
"HUNTER ALTER","Commentaries,Deleted Scenes,Behind the Scenes"
"HURRICANE AFFAIR","Trailers,Commentaries,Behind the Scenes"
"HUSTLER PARTY","Trailers,Commentaries,Behind the Scenes"
"IDAHO LOVE","Trailers,Commentaries,Deleted Scenes,Behind the Scenes"
"IGBY MAKER","Trailers,Behind the Scenes"
"ILLUSION AMELIE","Commentaries,Behind the Scenes"
"INDEPENDENCE HOTEL","Trailers,Behind the Scenes"
"INDIAN LOVE","Trailers,Commentaries,Deleted Scenes,Behind the Scenes"
"INNOCENT USUAL","Trailers,Deleted Scenes,Behind the Scenes"
"INSECTS STONE","Trailers,Commentaries,Behind the Scenes"
"INTENTIONS EMPIRE","Trailers,Behind the Scenes"
"INTERVIEW LIAISONS","Commentaries,Behind the Scenes"
"INTOLERABLE INTENTIONS","Commentaries,Behind the Scenes"
"IRON MOON","Commentaries,Behind the Scenes"
"JACKET FRISCO","Trailers,Deleted Scenes,Behind the Scenes"
"JADE BUNCH","Trailers,Commentaries,Behind the Scenes"
"JASON TRAP","Trailers,Deleted Scenes,Behind the Scenes"
"JAWBREAKER BROOKLYN","Trailers,Behind the Scenes"
"JEKYLL FROGMEN","Commentaries,Deleted Scenes,Behind the Scenes"
"JERK PAYCHECK","Trailers,Commentaries,Deleted Scenes,Behind the Scenes"
"JERSEY SASSY","Deleted Scenes,Behind the Scenes"
"JET NEIGHBORS","Trailers,Commentaries,Behind the Scenes"
"JOON NORTHWEST","Trailers,Commentaries,Behind the Scenes"
"JUMANJI BLADE","Commentaries,Behind the Scenes"
"JUMPING WRATH","Commentaries,Behind the Scenes"
"KARATE MOON","Behind the Scenes"
"KENTUCKIAN GIANT","Trailers,Commentaries,Deleted Scenes,Behind the Scenes"
"KING EVOLUTION","Trailers,Deleted Scenes,Behind the Scenes"
"KISS GLORY","Trailers,Commentaries,Behind the Scenes"
"LABYRINTH LEAGUE","Commentaries,Behind the Scenes"
"LADY STAGE","Trailers,Deleted Scenes,Behind the Scenes"
"LAMBS CINCINATTI","Trailers,Behind the Scenes"
"LAWLESS VISION","Deleted Scenes,Behind the Scenes"
"LAWRENCE LOVE","Commentaries,Deleted Scenes,Behind the Scenes"
"LEATHERNECKS DWARFS","Trailers,Commentaries,Behind the Scenes"
"LEGALLY SECRETARY","Trailers,Commentaries,Behind the Scenes"
"LESSON CLEOPATRA","Deleted Scenes,Behind the Scenes"
"LIAISONS SWEET","Commentaries,Behind the Scenes"
"LIBERTY MAGNIFICENT","Commentaries,Deleted Scenes,Behind the Scenes"
"LICENSE WEEKEND","Deleted Scenes,Behind the Scenes"
"LIES TREATMENT","Commentaries,Deleted Scenes,Behind the Scenes"
"LONELY ELEPHANT","Trailers,Commentaries,Deleted Scenes,Behind the Scenes"
"LOSER HUSTLER","Deleted Scenes,Behind the Scenes"
"LOVE SUICIDES","Trailers,Behind the Scenes"
"LOVELY JINGLE","Trailers,Behind the Scenes"
"LOVERBOY ATTACKS","Trailers,Behind the Scenes"
"LUCK OPUS","Trailers,Commentaries,Behind the Scenes"
"LUCKY FLYING","Trailers,Commentaries,Behind the Scenes"
"LUKE MUMMY","Trailers,Behind the Scenes"
"LUST LOCK","Trailers,Commentaries,Behind the Scenes"
"MADIGAN DORADO","Deleted Scenes,Behind the Scenes"
"MADISON TRAP","Commentaries,Deleted Scenes,Behind the Scenes"
"MAIDEN HOME","Behind the Scenes"
"MAKER GABLES","Deleted Scenes,Behind the Scenes"
"MALKOVICH PET","Behind the Scenes"
"MALTESE HOPE","Behind the Scenes"
"MARRIED GO","Behind the Scenes"
"MASKED BUBBLE","Commentaries,Behind the Scenes"
"MASSAGE IMAGE","Commentaries,Behind the Scenes"
"MATRIX SNOWMAN","Commentaries,Deleted Scenes,Behind the Scenes"
"MAUDE MOD","Trailers,Behind the Scenes"
"MEMENTO ZOOLANDER","Behind the Scenes"
"MERMAID INSECTS","Trailers,Behind the Scenes"
"METROPOLIS COMA","Trailers,Commentaries,Behind the Scenes"
"MIGHTY LUCK","Behind the Scenes"
"MILE MULAN","Deleted Scenes,Behind the Scenes"
"MINDS TRUMAN","Deleted Scenes,Behind the Scenes"
"MISSION ZOOLANDER","Behind the Scenes"
"MIXED DOORS","Behind the Scenes"
"MOCKINGBIRD HOLLYWOOD","Behind the Scenes"
"MOD SECRETARY","Commentaries,Behind the Scenes"
"MODEL FISH","Trailers,Commentaries,Behind the Scenes"
"MONSOON CAUSE","Commentaries,Behind the Scenes"
"MONSTER SPARTACUS","Commentaries,Behind the Scenes"
"MOON BUNCH","Deleted Scenes,Behind the Scenes"
"MOONSHINE CABIN","Behind the Scenes"
"MOTIONS DETAILS","Trailers,Commentaries,Behind the Scenes"
"MOURNING PURPLE","Trailers,Commentaries,Deleted Scenes,Behind the Scenes"
"MOVIE SHAKESPEARE","Commentaries,Deleted Scenes,Behind the Scenes"
"MULAN MOON","Behind the Scenes"
"MULHOLLAND BEAST","Trailers,Deleted Scenes,Behind the Scenes"
"MUMMY CREATURES","Trailers,Behind the Scenes"
"MURDER ANTITRUST","Trailers,Deleted Scenes,Behind the Scenes"
"MUSIC BOONDOCK","Trailers,Commentaries,Behind the Scenes"
"MUSKETEERS WAIT","Deleted Scenes,Behind the Scenes"
"MUSSOLINI SPOILERS","Deleted Scenes,Behind the Scenes"
"MYSTIC TRUMAN","Commentaries,Behind the Scenes"
"NAME DETECTIVE","Trailers,Commentaries,Behind the Scenes"
"NASH CHOCOLAT","Commentaries,Behind the Scenes"
"NECKLACE OUTBREAK","Trailers,Commentaries,Behind the Scenes"
"NETWORK PEAK","Commentaries,Deleted Scenes,Behind the Scenes"
"NEWTON LABYRINTH","Trailers,Commentaries,Deleted Scenes,Behind the Scenes"
"NIGHTMARE CHILL","Trailers,Deleted Scenes,Behind the Scenes"
"NOON PAPI","Behind the Scenes"
"NORTH TEQUILA","Commentaries,Deleted Scenes,Behind the Scenes"
"NUTS TIES","Trailers,Behind the Scenes"
"OCTOBER SUBMARINE","Trailers,Commentaries,Behind the Scenes"
"ODDS BOOGIE","Trailers,Commentaries,Behind the Scenes"
"OKLAHOMA JUMANJI","Behind the Scenes"
"OPERATION OPERATION","Trailers,Commentaries,Deleted Scenes,Behind the Scenes"
"ORDER BETRAYED","Deleted Scenes,Behind the Scenes"
"OSCAR GOLD","Behind the Scenes"
"OUTBREAK DIVINE","Trailers,Deleted Scenes,Behind the Scenes"
"OZ LIAISONS","Commentaries,Deleted Scenes,Behind the Scenes"
"PACIFIC AMISTAD","Trailers,Commentaries,Deleted Scenes,Behind the Scenes"
"PANKY SUBMARINE","Trailers,Commentaries,Deleted Scenes,Behind the Scenes"
"PANTHER REDS","Deleted Scenes,Behind the Scenes"
"PAPI NECKLACE","Trailers,Deleted Scenes,Behind the Scenes"
"PARADISE SABRINA","Commentaries,Deleted Scenes,Behind the Scenes"
"PARIS WEEKEND","Trailers,Commentaries,Deleted Scenes,Behind the Scenes"
"PARTY KNOCK","Trailers,Behind the Scenes"
"PAST SUICIDES","Trailers,Deleted Scenes,Behind the Scenes"
"PATHS CONTROL","Trailers,Behind the Scenes"
"PEACH INNOCENT","Commentaries,Behind the Scenes"
"PEAK FOREVER","Trailers,Commentaries,Deleted Scenes,Behind the Scenes"
"PERDITION FARGO","Trailers,Behind the Scenes"
"PERFECT GROOVE","Commentaries,Deleted Scenes,Behind the Scenes"
"PERSONAL LADYBUGS","Deleted Scenes,Behind the Scenes"
"PHANTOM GLORY","Commentaries,Behind the Scenes"
"PICKUP DRIVING","Trailers,Commentaries,Deleted Scenes,Behind the Scenes"
"PINOCCHIO SIMON","Commentaries,Behind the Scenes"
"PITTSBURGH HUNCHBACK","Trailers,Deleted Scenes,Behind the Scenes"
"PLUTO OLEANDER","Behind the Scenes"
"POCUS PULP","Commentaries,Deleted Scenes,Behind the Scenes"
"POLISH BROOKLYN","Trailers,Commentaries,Deleted Scenes,Behind the Scenes"
"POND SEATTLE","Trailers,Commentaries,Behind the Scenes"
"POTLUCK MIXED","Behind the Scenes"
"PRESIDENT BANG","Behind the Scenes"
"PRIMARY GLASS","Trailers,Deleted Scenes,Behind the Scenes"
"PSYCHO SHRUNK","Behind the Scenes"
"PULP BEVERLY","Trailers,Behind the Scenes"
"QUEEN LUKE","Commentaries,Deleted Scenes,Behind the Scenes"
"QUEST MUSSOLINI","Behind the Scenes"
"QUILLS BULL","Trailers,Behind the Scenes"
"RAGE GAMES","Trailers,Behind the Scenes"
"RAINBOW SHOCK","Trailers,Commentaries,Deleted Scenes,Behind the Scenes"
"REBEL AIRPORT","Trailers,Behind the Scenes"
"RECORDS ZORRO","Behind the Scenes"
"REDEMPTION COMFORTS","Trailers,Deleted Scenes,Behind the Scenes"
"REDS POCUS","Trailers,Behind the Scenes"
"REEF SALUTE","Behind the Scenes"
"REIGN GENTLEMEN","Deleted Scenes,Behind the Scenes"
"REQUIEM TYCOON","Trailers,Commentaries,Behind the Scenes"
"RIDER CADDYSHACK","Commentaries,Behind the Scenes"
"RIDGEMONT SUBMARINE","Commentaries,Deleted Scenes,Behind the Scenes"
"RINGS HEARTBREAKERS","Trailers,Commentaries,Behind the Scenes"
"ROAD ROXANNE","Behind the Scenes"
"ROCK INSTINCT","Trailers,Commentaries,Deleted Scenes,Behind the Scenes"
"ROCKETEER MOTHER","Deleted Scenes,Behind the Scenes"
"ROCKY WAR","Trailers,Commentaries,Behind the Scenes"
"ROOF CHAMPION","Deleted Scenes,Behind the Scenes"
"ROOM ROMAN","Trailers,Deleted Scenes,Behind the Scenes"
"ROOTS REMEMBER","Commentaries,Deleted Scenes,Behind the Scenes"
"ROSES TREASURE","Commentaries,Deleted Scenes,Behind the Scenes"
"ROUGE SQUAD","Commentaries,Deleted Scenes,Behind the Scenes"
"ROXANNE REBEL","Deleted Scenes,Behind the Scenes"
"RUGRATS SHAKESPEARE","Trailers,Commentaries,Deleted Scenes,Behind the Scenes"
"RULES HUMAN","Deleted Scenes,Behind the Scenes"
"RUN PACIFIC","Commentaries,Deleted Scenes,Behind the Scenes"
"RUNNER MADIGAN","Commentaries,Deleted Scenes,Behind the Scenes"
"SABRINA MIDNIGHT","Trailers,Behind the Scenes"
"SALUTE APOLLO","Trailers,Commentaries,Deleted Scenes,Behind the Scenes"
"SANTA PARIS","Commentaries,Behind the Scenes"
"SASSY PACKER","Deleted Scenes,Behind the Scenes"
"SATISFACTION CONFIDENTIAL","Commentaries,Deleted Scenes,Behind the Scenes"
"SATURN NAME","Trailers,Commentaries,Deleted Scenes,Behind the Scenes"
"SAVANNAH TOWN","Commentaries,Deleted Scenes,Behind the Scenes"
"SCALAWAG DUCK","Commentaries,Behind the Scenes"
"SCISSORHANDS SLUMS","Commentaries,Deleted Scenes,Behind the Scenes"
"SEABISCUIT PUNK","Commentaries,Deleted Scenes,Behind the Scenes"
"SEARCHERS WAIT","Trailers,Commentaries,Deleted Scenes,Behind the Scenes"
"SECRETARY ROUGE","Commentaries,Behind the Scenes"
"SENSE GREEK","Deleted Scenes,Behind the Scenes"
"SENSIBILITY REAR","Behind the Scenes"
"SHAKESPEARE SADDLE","Commentaries,Behind the Scenes"
"SHANGHAI TYCOON","Commentaries,Deleted Scenes,Behind the Scenes"
"SHINING ROSES","Trailers,Commentaries,Deleted Scenes,Behind the Scenes"
"SHOCK CABIN","Trailers,Commentaries,Behind the Scenes"
"SHRUNK DIVINE","Trailers,Deleted Scenes,Behind the Scenes"
"SIDE ARK","Deleted Scenes,Behind the Scenes"
"SILENCE KANE","Trailers,Deleted Scenes,Behind the Scenes"
"SISTER FREDDY","Trailers,Behind the Scenes"
"SLACKER LIAISONS","Trailers,Commentaries,Behind the Scenes"
"SLEEPLESS MONSOON","Trailers,Deleted Scenes,Behind the Scenes"
"SLEUTH ORIENT","Deleted Scenes,Behind the Scenes"
"SLING LUKE","Behind the Scenes"
"SLUMS DUCK","Commentaries,Deleted Scenes,Behind the Scenes"
"SMILE EARRING","Commentaries,Behind the Scenes"
"SMOKING BARBARELLA","Behind the Scenes"
"SMOOCHY CONTROL","Behind the Scenes"
"SOLDIERS EVOLUTION","Trailers,Commentaries,Deleted Scenes,Behind the Scenes"
"SOMETHING DUCK","Commentaries,Behind the Scenes"
"SONS INTERVIEW","Commentaries,Behind the Scenes"
"SOUP WISDOM","Behind the Scenes"
"SOUTH WAIT","Commentaries,Behind the Scenes"
"SPARTACUS CHEAPER","Deleted Scenes,Behind the Scenes"
"SPEAKEASY DATE","Deleted Scenes,Behind the Scenes"
"SPEED SUIT","Commentaries,Behind the Scenes"
"SPICE SORORITY","Trailers,Commentaries,Deleted Scenes,Behind the Scenes"
"SPIKING ELEMENT","Trailers,Deleted Scenes,Behind the Scenes"
"SPIRITED CASUALTIES","Commentaries,Behind the Scenes"
"SPLASH GUMP","Trailers,Commentaries,Deleted Scenes,Behind the Scenes"
"SPLENDOR PATTON","Trailers,Commentaries,Deleted Scenes,Behind the Scenes"
"SPOILERS HELLFIGHTERS","Trailers,Commentaries,Deleted Scenes,Behind the Scenes"
"SPY MILE","Trailers,Commentaries,Deleted Scenes,Behind the Scenes"
"SQUAD FISH","Commentaries,Deleted Scenes,Behind the Scenes"
"STAGE WORLD","Commentaries,Behind the Scenes"
"STALLION SUNDANCE","Deleted Scenes,Behind the Scenes"
"STAMPEDE DISTURBING","Commentaries,Deleted Scenes,Behind the Scenes"
"STATE WASTELAND","Trailers,Commentaries,Deleted Scenes,Behind the Scenes"
"STEERS ARMAGEDDON","Trailers,Commentaries,Deleted Scenes,Behind the Scenes"
"STEPMOM DREAM","Deleted Scenes,Behind the Scenes"
"STING PERSONAL","Commentaries,Deleted Scenes,Behind the Scenes"
"STORM HAPPINESS","Trailers,Commentaries,Behind the Scenes"
"STORY SIDE","Trailers,Behind the Scenes"
"STRAIGHT HOURS","Commentaries,Behind the Scenes"
"STRANGERS GRAFFITI","Trailers,Behind the Scenes"
"STREAK RIDGEMONT","Trailers,Behind the Scenes"
"STRICTLY SCARFACE","Commentaries,Deleted Scenes,Behind the Scenes"
"SUGAR WONKA","Trailers,Commentaries,Behind the Scenes"
"SUMMER SCARFACE","Deleted Scenes,Behind the Scenes"
"SUN CONFESSIONS","Trailers,Behind the Scenes"
"SUNDANCE INVASION","Commentaries,Behind the Scenes"
"SUNRISE LEAGUE","Behind the Scenes"
"SUNSET RACER","Commentaries,Behind the Scenes"
"SUPER WYOMING","Trailers,Commentaries,Behind the Scenes"
"SUPERFLY TRIP","Commentaries,Behind the Scenes"
"SWEDEN SHINING","Deleted Scenes,Behind the Scenes"
"SWEETHEARTS SUSPECTS","Trailers,Commentaries,Deleted Scenes,Behind the Scenes"
"TALENTED HOMICIDE","Commentaries,Deleted Scenes,Behind the Scenes"
"TEEN APOLLO","Trailers,Deleted Scenes,Behind the Scenes"
"TELEMARK HEARTBREAKERS","Trailers,Commentaries,Deleted Scenes,Behind the Scenes"
"TEQUILA PAST","Commentaries,Behind the Scenes"
"TERMINATOR CLUB","Trailers,Deleted Scenes,Behind the Scenes"
"THEORY MERMAID","Deleted Scenes,Behind the Scenes"
"THIEF PELICAN","Deleted Scenes,Behind the Scenes"
"THIN SAGEBRUSH","Behind the Scenes"
"TIGHTS DAWN","Trailers,Behind the Scenes"
"TITANIC BOONDOCK","Trailers,Commentaries,Deleted Scenes,Behind the Scenes"
"TITANS JERK","Behind the Scenes"
"TOMATOES HELLFIGHTERS","Behind the Scenes"
"TOOTSIE PILOT","Commentaries,Deleted Scenes,Behind the Scenes"
"TOWERS HURRICANE","Commentaries,Behind the Scenes"
"TOWN ARK","Behind the Scenes"
"TRACY CIDER","Trailers,Commentaries,Behind the Scenes"
"TRADING PINOCCHIO","Trailers,Deleted Scenes,Behind the Scenes"
"TRAP GUYS","Commentaries,Behind the Scenes"
"TREASURE COMMAND","Trailers,Commentaries,Deleted Scenes,Behind the Scenes"
"TREATMENT JEKYLL","Trailers,Deleted Scenes,Behind the Scenes"
"TROOPERS METAL","Deleted Scenes,Behind the Scenes"
"TROUBLE DATE","Trailers,Commentaries,Behind the Scenes"
"TURN STAR","Commentaries,Behind the Scenes"
"TUXEDO MILE","Commentaries,Deleted Scenes,Behind the Scenes"
"UNBREAKABLE KARATE","Deleted Scenes,Behind the Scenes"
"UNCUT SUICIDES","Trailers,Commentaries,Behind the Scenes"
"UNFORGIVEN ZOOLANDER","Trailers,Commentaries,Behind the Scenes"
"UPRISING UPTOWN","Trailers,Behind the Scenes"
"USUAL UNTOUCHABLES","Trailers,Commentaries,Behind the Scenes"
"VALENTINE VANISHING","Trailers,Behind the Scenes"
"VANILLA DAY","Deleted Scenes,Behind the Scenes"
"VANISHING ROCKY","Trailers,Commentaries,Behind the Scenes"
"VELVET TERMINATOR","Behind the Scenes"
"VERTIGO NORTHWEST","Commentaries,Behind the Scenes"
"VICTORY ACADEMY","Trailers,Behind the Scenes"
"VIDEOTAPE ARSENIC","Commentaries,Deleted Scenes,Behind the Scenes"
"VIETNAM SMOOCHY","Deleted Scenes,Behind the Scenes"
"VIRGIN DAISY","Trailers,Behind the Scenes"
"VOICE PEACH","Commentaries,Behind the Scenes"
"VOLCANO TEXAS","Trailers,Commentaries,Deleted Scenes,Behind the Scenes"
"VOYAGE LEGALLY","Commentaries,Behind the Scenes"
"WAGON JAWS","Deleted Scenes,Behind the Scenes"
"WAKE JAWS","Trailers,Commentaries,Deleted Scenes,Behind the Scenes"
"WALLS ARTIST","Trailers,Behind the Scenes"
"WANDA CHAMBER","Commentaries,Deleted Scenes,Behind the Scenes"
"WAR NOTTING","Deleted Scenes,Behind the Scenes"
"WARLOCK WEREWOLF","Commentaries,Behind the Scenes"
"WARS PLUTO","Commentaries,Behind the Scenes"
"WASTELAND DIVINE","Trailers,Deleted Scenes,Behind the Scenes"
"WATCH TRACY","Trailers,Deleted Scenes,Behind the Scenes"
"WATERFRONT DELIVERANCE","Behind the Scenes"
"WEEKEND PERSONAL","Trailers,Commentaries,Deleted Scenes,Behind the Scenes"
"WEREWOLF LOLA","Trailers,Behind the Scenes"
"WHALE BIKINI","Commentaries,Deleted Scenes,Behind the Scenes"
"WIFE TURN","Deleted Scenes,Behind the Scenes"
"WILD APOLLO","Trailers,Commentaries,Deleted Scenes,Behind the Scenes"
"WILLOW TRACY","Trailers,Commentaries,Behind the Scenes"
"WINDOW SIDE","Deleted Scenes,Behind the Scenes"
"WISDOM WORKER","Deleted Scenes,Behind the Scenes"
"WITCHES PANIC","Commentaries,Behind the Scenes"
"WIZARD COLDBLOODED","Commentaries,Deleted Scenes,Behind the Scenes"
"WOLVES DESIRE","Behind the Scenes"
"WOMEN DORADO","Deleted Scenes,Behind the Scenes"
"WON DARES","Behind the Scenes"
"WORKER TARZAN","Trailers,Commentaries,Behind the Scenes"
"WORLD LEATHERNECKS","Trailers,Behind the Scenes"
"WORST BANGER","Deleted Scenes,Behind the Scenes"
"WRONG BEHAVIOR","Trailers,Behind the Scenes"
"YOUNG LANGUAGE","Trailers,Behind the Scenes"
"YOUTH KICK","Trailers,Behind the Scenes"
"ZORRO ARK","Trailers,Commentaries,Behind the Scenes"
